black_-32	1.3	0.7	1	10	0.646627125792032	0.003354349007988	0.00000926259178622269	0	0	0.349999988297108	0.0000000117028913310694	0
black_-32	1.3	0.7	1	20	0.645837518344493	0.004115100168236	0.0000236907227232242	0	0	0.349999985182829	0.0000000148171708444197	0
black_-32	1.3	0.7	1	50	0.644415459511488	0.00541910002813	0.0000827201574434585	0.000000000119678620052946	0	0.349999979861367	0.0000000201386329106273	0
black_-32	1.3	0.7	1	100	0.642885823517236	0.006692221542954	0.00021097728473	0.000000000306432709656759	0	0.349999974670243	0.0000000253297565669436	0
black_-32	1.3	0.7	1	200	0.64066590251153	0.008281867589194	0.00052611448811	0.000000000767864312023633	0	0.34999996820803	0.0000000317919695274857	0
black_-32	1.3	0.7	1	500	0.635667294469329	0.011012122733188	0.001660289936044	0.00000000244526779889819	0.000000000240063860064773	0.349999957205701	0.0000000427942986319048	0
black_-32	1.3	0.7	1	1000	0.628888256082288	0.013688427859352	0.003711654686123	0.00000000550355377664272	0.000000000591279823165308	0.349999946525363	0.000000053474636742366	0
black_-32	1.3	0.7	1	2000	0.617744294568897	0.017032005450094	0.007611842974483	0.0000000110888973570399	0.00000000147157283794166	0.349999933245567	0.0000000667544329150602	0
black_-32	1.3	0.7	1	5000	0.596542453275004	0.022789271687643	0.01533410329841	0.0000000209811749293224	0.000000023729678853346	0.349999910705169	0.0000000892948309910959	0
black_-32	1.3	0.7	1	10000	0.619504590075046	0.029074534387811	0.000709641634236	0.0000000254218607086002	0.000000783423404980608	0.349999890017993	0.000000109982006724628	0
black_-32	1.3	0.7	2	10	0.647595476817202	0.002373653904115	0.0000154346325688306	0	0	0.34999999173098	0.00000000826901985881619	0
black_-32	1.3	0.7	2	20	0.647009288973546	0.00291244309491	0.0000391339486392852	0	0	0.349999989532131	0.0000000104678686380385	0
black_-32	1.3	0.7	2	50	0.645893318943374	0.003836238951139	0.000135220993685	0	0	0.349999985776007	0.0000000142239926485379	0
black_-32	1.3	0.7	2	100	0.644576960840494	0.004738251452342	0.000342393704173	0.000000000248265007033456	0	0.349999982112352	0.0000000178876480670339	0
black_-32	1.3	0.7	2	200	0.642440093889659	0.005864073259748	0.000847916055001	0.000000000617398770752917	0	0.349999977549999	0.0000000224500004541555	0
black_-32	1.3	0.7	2	500	0.636907854568966	0.007793794914823	0.002649174092985	0.00000000194678831546209	0.000000000191726503109316	0.349999969767225	0.0000000302327753001071	0
black_-32	1.3	0.7	2	1000	0.628611764273777	0.00967602088031	0.005856104786118	0.00000000434447707767121	0.000000000464600488995876	0.349999962175373	0.0000000378246274009375	0
black_-32	1.3	0.7	2	2000	0.614433852416563	0.012009846616542	0.011778145041758	0.00000000863414144842887	0.0000000011246180182533	0.349999952665425	0.0000000473345750602065	0
black_-32	1.3	0.7	2	5000	0.588363725454483	0.015993605932014	0.022821302202113	0.0000000159427820930044	0.0000000241332471523074	0.34999993638197	0.0000000636180297320977	0
black_-32	1.3	0.7	2	10000	0.627483252608461	0.020520405872374	0.000997377491863	0.0000000195347048418965	0.000000783500367477096	0.349999921716001	0.0000000782839990332879	0
black_-32	1.3	0.7	5	10	0.648440443150114	0.001502207070904	0.0000286748845006093	0	0	0.349999994773612	0.00000000522638773994023	0
black_-32	1.3	0.7	5	20	0.648012847652033	0.001843413190187	0.0000718695663980089	0	0	0.349999993384647	0.00000000661535296466796	0
black_-32	1.3	0.7	5	50	0.647081634098732	0.002428466836877	0.000244949489662	0	0	0.349999991012167	0.00000000898783301151332	0
black_-32	1.3	0.7	5	100	0.645771866327763	0.002999482826897	0.000614325315952	0.000000000178026159654883	0	0.349999988697228	0.0000000113027721172416	0
black_-32	1.3	0.7	5	200	0.643275094189888	0.003711137396349	0.00150688394439	0.000000000438546782166387	0	0.349999985810447	0.0000000141895530759549	0
black_-32	1.3	0.7	5	500	0.635798956124269	0.004924961788964	0.004638040225624	0.00000000136548088007229	0.00000000013501876038596	0.349999980862547	0.0000000191374530147562	0
black_-32	1.3	0.7	5	1000	0.623755153813326	0.006096346914143	0.010074247808388	0.00000000301320562872993	0.000000000321274803976049	0.34999997598615	0.0000000240138501310213	0
black_-32	1.3	0.7	5	2000	0.603088871396513	0.007526979013204	0.019692071096148	0.00000000588769643786692	0.00000000075514472617909	0.349999969789686	0.0000000302103143390263	0
black_-32	1.3	0.7	5	5000	0.567875927896787	0.009931238057854	0.036096387951907	0.0000000105785702534158	0.0000000237814878120661	0.349999959018975	0.000000040981024706826	0
black_-32	1.3	0.7	5	10000	0.63423050812748	0.012952169656164	0.001407950449283	0.0000000132707676707018	0.00000070402351117455	0.349999949924764	0.0000000500752362874976	0
black_-32	1.3	0.7	10	10	0.648848871750822	0.001062554735882	0.000044286752810772	0	0	0.349999996305547	0.00000000369445281667589	0
black_-32	1.3	0.7	10	20	0.648475757436082	0.001303954837417	0.000110143853715	0	0	0.349999995323907	0.00000000467609332482899	0
black_-32	1.3	0.7	10	50	0.647538246601915	0.001717792902931	0.000371980215377	0	0	0.34999999364689	0.00000000635311003777889	0
black_-32	1.3	0.7	10	100	0.646024951585796	0.002121383566254	0.00092683234363	0.000000000134313705601052	0	0.349999992009349	0.00000000799065098302684	0
black_-32	1.3	0.7	10	200	0.64286132243475	0.002623384987982	0.00225764609203	0.000000000328822789053801	0	0.349999989963467	0.0000000100365333618591	0
black_-32	1.3	0.7	10	500	0.632799490620653	0.003474560064329	0.006862974049427	0.00000000101494013012361	0.000000000100611834695616	0.349999986436955	0.0000000135630445546914	0
black_-32	1.3	0.7	10	1000	0.616364123921392	0.004286100531106	0.01467488642666	0.00000000222105011825002	0.000000000236566331286017	0.349999982921917	0.0000000170780829174997	0
black_-32	1.3	0.7	10	2000	0.588769213407373	0.005261375647574	0.02798470278322	0.00000000428695361702925	0.000000000545829898054283	0.349999978390405	0.0000000216095949213513	0
black_-32	1.3	0.7	10	5000	0.545458654478817	0.006879689576548	0.04883080132857	0.00000000756433212872722	0.0000000228615813754119	0.349999970420766	0.0000000295792336731062	0
black_-32	1.3	0.7	10	10000	0.637467716331422	0.009204439162086	0.001663323508264	0.00000000977375849785146	0.000000593858102175678	0.349999964391795	0.0000000356082054113363	0
black_-32	1.3	0.7	20	10	0.649114767618934	0.000751493823692	0.0000668692757993398	0	0	0.349999997388163	0.00000000261183673918111	0
black_-32	1.3	0.7	20	20	0.648747309007181	0.000922229643559	0.000165230667497	0	0	0.349999996694199	0.00000000330580056226353	0
black_-32	1.3	0.7	20	50	0.647677778576213	0.001214802175308	0.000553709600319	0	0	0.349999995508187	0.00000000449181259308642	0
black_-32	1.3	0.7	20	100	0.645756993207026	0.001499763312003	0.001371621681077	0	0	0.349999994348696	0.00000000565130366896153	0
black_-32	1.3	0.7	20	200	0.64151010052769	0.001853161770068	0.003318368706414	0.000000000242215702575228	0	0.349999992896009	0.00000000710399154738826	0
black_-32	1.3	0.7	20	500	0.627657461438041	0.002447316394415	0.009947610639356	0.000000000741520093069195	0	0.349999990371982	0.00000000962801798244932	0
black_-32	1.3	0.7	20	1000	0.605242827394491	0.003004463375952	0.02087635363906	0.00000000160889061738665	0.000000000171273188621596	0.349999987818394	0.0000000121816058542392	0
black_-32	1.3	0.7	20	2000	0.568965346320791	0.003660194135899	0.038687227849481	0.00000000306717372020643	0.000000000388587234637493	0.349999984468558	0.0000000155314419276498	0
black_-32	1.3	0.7	20	5000	0.518049364062496	0.004739120208773	0.063605733813861	0.00000000532541737233587	0.0000000213877953646715	0.349999978530227	0.0000000214697725666403	0
black_-32	1.3	0.7	20	10000	0.63978631341734	0.006617207940261	0.001797772684837	0.00000000719963104793262	0.000000463036547345238	0.349999974848128	0.000000025151871685576	0
black_-32	1.3	0.7	50	10	0.649299998697352	0.000475355171667	0.000112323063556	0	0	0.349999998348368	0.00000000165163170872846	0
black_-32	1.3	0.7	50	20	0.648865300803318	0.000583325470656	0.000275686858263	0	0	0.34999999790943	0.00000000209057031953293	0
black_-32	1.3	0.7	50	50	0.647399412101698	0.000768158748488	0.000916214559091	0	0	0.349999997158575	0.00000000284142502873735	0
black_-32	1.3	0.7	50	100	0.644544509601434	0.000947692423655	0.002253898948373	0	0	0.349999996422629	0.00000000357737076363773	0
black_-32	1.3	0.7	50	200	0.638028050809978	0.001169010722568	0.005401469139045	0.000000000158596322362873	0	0.349999995495389	0.00000000450461067354653	0
black_-32	1.3	0.7	50	500	0.616801995411248	0.001534999165922	0.015831502423453	0.000000000480315748093653	0	0.349999993859852	0.0000000061401479991078	0
black_-32	1.3	0.7	50	1000	0.583729218117299	0.001867741312389	0.032201519660981	0.00000000102927832214557	0.000000000109535726329072	0.34999999216183	0.0000000078381699157747	0
black_-32	1.3	0.7	50	2000	0.533706105237416	0.002245779602927	0.057024056372433	0.00000000192827751835086	0.000000000243256654614284	0.349999989874682	0.0000000101253176297965	0
black_-32	1.3	0.7	50	5000	0.477551324536716	0.002876371635561	0.084786131646874	0.00000000329431750165171	0.0000000186198289838399	0.349999985850563	0.0000000141494370324656	0
black_-32	1.3	0.7	50	10000	0.642103163200291	0.004384841110879	0.001755694859307	0.00000000487079691475048	0.00000030054970962839	0.349999984313788	0.0000000156862117543091	0
black_-32	1.3	0.7	100	10	0.649336055161487	0.000336137206855	0.000163903814419	0	0	0.349999998832156	0.00000000116784405273638	0
black_-32	1.3	0.7	100	20	0.648786095294567	0.00041245138294	0.000400726657797	0	0	0.349999998521665	0.00000000147833534829945	0
black_-32	1.3	0.7	100	50	0.646807384528435	0.000542936173967	0.001324839637363	0	0	0.349999997989943	0.00000000201005716564472	0
black_-32	1.3	0.7	100	100	0.642845913065842	0.000669280394088	0.003242403241864	0	0	0.349999997467245	0.0000000025327554653951	0
black_-32	1.3	0.7	100	200	0.633763085172394	0.000823980350615	0.007706467170516	0.000000000113909604105985	0	0.349999996804573	0.00000000319542697623559	0
black_-32	1.3	0.7	100	500	0.604725323030158	0.001075245962366	0.02209971529871	0.00000000034192388498283	0.0000000000340663524145799	0.349999995617225	0.00000000438277462149405	0
black_-32	1.3	0.7	100	1000	0.561461495132415	0.001296552859052	0.043620975564745	0.000000000724795330223646	0	0.349999994354387	0.00000000564561311543751	0
black_-32	1.3	0.7	100	2000	0.500116791614737	0.001540064017065	0.07417157134639	0.00000000133843550265605	0.00000000016849077270391	0.349999992617441	0.00000000738255860246443	0
black_-32	1.3	0.7	100	5000	0.448010105908555	0.001969306164655	0.100010276854595	0.0000000022773689928406	0.0000000159701150611176	0.349999989666675	0.000000010333324759016	0
black_-32	1.3	0.7	100	10000	0.643510531880472	0.003284424055946	0.001602314413704	0.00000000368551676554353	0.000000205775328441975	0.349999989106791	0.0000000108932087676895	0
black_-32	1.3	0.7	200	10	0.649288231013579	0.000237677270939	0.000237045856722	0	0	0.349999999174183	0.000000000825816950708686	0
black_-32	1.3	0.7	200	20	0.648552916340555	0.000291598187346	0.000577742733564	0	0	0.349999998954483	0.00000000104551654553275	0
black_-32	1.3	0.7	200	50	0.645814271214788	0.000383634151449	0.001901047308668	0	0	0.349999998577639	0.00000000142236130361708	0
black_-32	1.3	0.7	200	100	0.640274042234907	0.000472351077908	0.00462680332342	0	0	0.349999998205653	0.00000000179434708210975	0
black_-32	1.3	0.7	200	200	0.62764624618391	0.000579958879545	0.010886897419797	0	0	0.349999997730038	0.00000000226996175921477	0
black_-32	1.3	0.7	200	500	0.588510083089176	0.000750561959905	0.030369677330688	0.000000000241403096745704	0	0.349999996860645	0.00000000313935457505862	0
black_-32	1.3	0.7	200	1000	0.533508532435819	0.000894927273444	0.057798269838928	0.00000000050534093200738	0	0.349999995910375	0.00000000408962523343006	0
black_-32	1.3	0.7	200	2000	0.461150529600382	0.001048315648324	0.093900576800702	0.000000000918883615177963	0.000000000115503414242648	0.349999994577202	0.00000000542279832606539	0
black_-32	1.3	0.7	200	5000	0.424647467132712	0.001355316705843	0.1119985943332	0.00000000157840992197725	0.0000000129583169860908	0.349999992492734	0.00000000750726561291899	0
black_-32	1.3	0.7	200	10000	0.644669078869084	0.00251694946917	0.001406845776035	0.0000000028441559729905	0.000000138632759633213	0.349999992451146	0.00000000754885373975102	0
black_-32	1.3	0.7	500	10	0.649085098805629	0.00015029828701	0.000382301453024	0	0	0.349999999477631	0.000000000522369011770984	0
black_-32	1.3	0.7	500	20	0.647958432247011	0.000184342843783	0.000928612453005	0	0	0.34999999933847	0.00000000066152983803411	0
black_-32	1.3	0.7	500	50	0.643684861142448	0.000242250741974	0.003036444052527	0	0	0.349999999099006	0.00000000090099433675822	0
black_-32	1.3	0.7	500	100	0.635053947277529	0.000297579329619	0.007324236683552	0	0	0.349999998860725	0.00000000113927503850846	0
black_-32	1.3	0.7	500	200	0.615770269838494	0.000363480565253	0.016933124767391	0	0	0.349999998551247	0.00000000144875354000914	0
black_-32	1.3	0.7	500	500	0.559491497937856	0.000463458144949	0.045022521868288	0.000000000150570451313902	0	0.34999999796635	0.00000000203365044190235	0
black_-32	1.3	0.7	500	1000	0.487802687995554	0.000542630901828	0.080827340363833	0.000000000309161684928642	0	0.349999997302096	0.00000000269790438127259	0
black_-32	1.3	0.7	500	2000	0.403432477512629	0.000622975802751	0.122972272998109	0.000000000550251465154658	0	0.349999996349906	0.00000000365009393922548	0
black_-32	1.3	0.7	500	5000	0.412896954175821	0.000845076943983	0.118128975186202	0.000000000990705232842999	0.00000000875854355203367	0.349999995184006	0.00000000481599358873169	0
black_-32	1.3	0.7	500	10000	0.645831936502239	0.001849992880569	0.001158950178165	0.00000000210315741418883	0.000000084078851874381	0.349999995312923	0.00000000468707660855626	0
black_-32	1.3	0.7	1000	10	0.64880191233978	0.000106254977095	0.000545916341093	0	0	0.349999999630553	0.000000000369447011941604	0
black_-32	1.3	0.7	1000	20	0.647223822387319	0.000130279816647	0.001322948896878	0	0	0.349999999531975	0.000000000468024496571076	0
black_-32	1.3	0.7	1000	50	0.64122391953154	0.000170985084662	0.004302547688157	0	0	0.349999999361738	0.000000000638261940450374	0
black_-32	1.3	0.7	1000	100	0.62921745401242	0.000209497773451	0.010286524097942	0	0	0.349999999190863	0.000000000809136740796165	0
black_-32	1.3	0.7	1000	200	0.603029845353716	0.000254478788552	0.023357837907222	0	0	0.349999998965349	0.00000000103465148813191	0
black_-32	1.3	0.7	1000	500	0.531125839398287	0.000319756384516	0.05927720204597	0.00000000010441356184921	0	0.349999998526204	0.00000000147379646099736	0
black_-32	1.3	0.7	1000	1000	0.447371529267213	0.000368465221336	0.101130002627843	0.000000000210888749071051	0	0.349999998013428	0.00000000198657240196463	0
black_-32	1.3	0.7	1000	2000	0.35724748377112	0.00041647817769	0.14616801879461	0.000000000369312001525779	0	0.349999997270063	0.00000000272993731108894	0
black_-32	1.3	0.7	1000	5000	0.424427048257773	0.000605899437484	0.112483519971772	0.000000000712825828994656	0.00000000582418650520672	0.349999996641449	0.00000000335855145239764	0
black_-32	1.3	0.7	1000	10000	0.646452712939551	0.001528519069366	0.001009322550346	0.00000000174272908005275	0.0000000605738313874354	0.349999996662076	0.0000000033379236913076	0
const_-11_3	1.3	0.7	1	10	0.004613260841819	0.645386739151371	0	0	0	0.344106389949883	0.005854286407093	0.000039323643024566
const_-11_3	1.3	0.7	1	20	0.00309082137663	0.646909178614924	0	0	0	0.340966127233805	0.008945536098024	0.0000883366681718606
const_-11_3	1.3	0.7	1	50	0.001803949239312	0.648196050749156	0	0	0	0.334240757619536	0.015501848928775	0.000257393451689
const_-11_3	1.3	0.7	1	100	0.001196819146441	0.648803180838724	0	0	0	0.326235980822683	0.023190021213248	0.000573997964069
const_-11_3	1.3	0.7	1	200	0.000793610836478	0.649206389144235	0	0	0	0.314642564890632	0.034097687685694	0.001259747423674
const_-11_3	1.3	0.7	1	500	0.000461362493877	0.649538637478577	0	0	0	0.291959358750431	0.054624392273709	0.00341624897586
const_-11_3	1.3	0.7	1	1000	0.000306337345745	0.649693662617142	0	0	0	0.268056396871208	0.074988921021136	0.006954682107656
const_-11_3	1.3	0.7	1	2000	0.000203426287955	0.649796573660619	0	0	0	0.23798474777577	0.098512434540626	0.013502817683605
const_-11_3	1.3	0.7	1	5000	0.000118025091564	0.649881974838633	0	0	0	0.190111102314574	0.130067982766326	0.0298209149191
const_-11_3	1.3	0.7	1	10000	0.0000775808303737458	0.649922419123654	0	0	0	0.150370854030094	0.149050652865904	0.050578493104001
const_-11_3	1.3	0.7	2	10	0.009059235496007	0.640940764453937	0	0	0	0.347004266643632	0.00298559133642	0.0000101420199477696
const_-11_3	1.3	0.7	2	20	0.006082845794011	0.643917154144775	0	0	0	0.345393963970918	0.004583145697174	0.0000228903319085763
const_-11_3	1.3	0.7	2	50	0.003546307616676	0.646453692302975	0	0	0	0.341887964928063	0.008044274072188	0.0000677609997489795
const_-11_3	1.3	0.7	2	100	0.002343470734157	0.647656529167435	0	0	0	0.337611102086651	0.012234515873117	0.000154382040232
const_-11_3	1.3	0.7	2	200	0.001543246870511	0.648456753010229	0	0	0	0.331213317793821	0.018436805792504	0.000349876413675
const_-11_3	1.3	0.7	2	500	0.000884701473552	0.649115298377001	0	0	0	0.317984398165876	0.031005051868528	0.001010549965596
const_-11_3	1.3	0.7	2	1000	0.0005792744065	0.649420725417965	0	0	0	0.302996764268848	0.044806612917785	0.002196622813368
const_-11_3	1.3	0.7	2	2000	0.000378614297575	0.649621385494828	0	0	0	0.282549865656512	0.062824656874315	0.004625477469172
const_-11_3	1.3	0.7	2	5000	0.000215143642136	0.64978485613325	0	0	0	0.246052096449963	0.092336015842984	0.011611887707053
const_-11_3	1.3	0.7	2	10000	0.000139655848053	0.649860344064222	0	0	0	0.211561688647461	0.116482623483113	0.021955687869426
const_-11_3	1.3	0.7	5	10	0.021704131505897	0.628295867786224	0.000000000353003605034285	0	0	0.348770484702681	0.001227808742399	0.00000170655492044056
const_-11_3	1.3	0.7	5	20	0.01473904673424	0.635260952386127	0.000000000438229788721733	0	0	0.348115422439007	0.001880753015984	0.00000382454500841315
const_-11_3	1.3	0.7	5	50	0.008661798645238	0.641338200197329	0.000000000575455033359361	0	0	0.346675490402211	0.003313173719416	0.0000113358783730887
const_-11_3	1.3	0.7	5	100	0.005732698337079	0.644267300263389	0.000000000694119417504151	0	0	0.344891455990544	0.00508246409747	0.0000260799119858731
const_-11_3	1.3	0.7	5	200	0.003767336898665	0.646232661451078	0.000000000815444984960527	0	0	0.342164384313959	0.007775379224415	0.0000602364616262836
const_-11_3	1.3	0.7	5	500	0.002141459415737	0.647858538645488	0.0000000009503384376263	0	0	0.336297696625398	0.013520598483324	0.000181704891278
const_-11_3	1.3	0.7	5	1000	0.001386635792419	0.648613362106433	0.00000000101846111931893	0	0	0.329268532838175	0.020315909255332	0.000415557906493
const_-11_3	1.3	0.7	5	2000	0.000892518096888	0.649107479681423	0.00000000105746972471878	0	0	0.318996950933433	0.030064793107213	0.000938255959354
const_-11_3	1.3	0.7	5	5000	0.000494250930396	0.649505747235885	0.000000000825455329883623	0.000000000112365036571867	0	0.298579602845096	0.048752764680658	0.002667632474247
const_-11_3	1.3	0.7	5	10000	0.000313942854472	0.649686056932466	0	0	0	0.27659571847957	0.067727004742502	0.005677276777928
const_-11_3	1.3	0.7	10	10	0.040775676375904	0.609224318634715	0.00000000249292670832222	0	0	0.349364762972045	0.000634781654003	0.000000455373952144726
const_-11_3	1.3	0.7	10	20	0.028201960937897	0.621798032641066	0.00000000320747577653102	0	0	0.349034359432982	0.000964637108891	0.0000010034581269392
const_-11_3	1.3	0.7	10	50	0.016842113854635	0.633157877446173	0.00000000434325309227811	0	0	0.348306935890681	0.001690128035373	0.00000293607394652009
const_-11_3	1.3	0.7	10	100	0.011227162077912	0.638772827286361	0.00000000530682134499383	0	0	0.347401517369671	0.002591749851136	0.00000673277919365548
const_-11_3	1.3	0.7	10	200	0.007406045620134	0.642593941805173	0.00000000626838148882595	0	0	0.3460073021656	0.003977113017793	0.0000155848166064875
const_-11_3	1.3	0.7	10	500	0.004211999039781	0.645787986323555	0.00000000728116586274972	0	0	0.342964409683623	0.006987996018718	0.0000475942976585334
const_-11_3	1.3	0.7	10	1000	0.002719607369503	0.647280377061902	0.00000000772205678747219	0.000000000102903550122554	0	0.339239024254023	0.010650131442213	0.000110844303764
const_-11_3	1.3	0.7	10	2000	0.001740381595452	0.64825960244661	0.00000000787647965137498	0.000000000156740817913859	0	0.333637894152665	0.0161046983212	0.000257407526134
const_-11_3	1.3	0.7	10	5000	0.000951705264297	0.649048283733374	0.00000000532688055980436	0.00000000020969735092142	0	0.321944333607918	0.027280978556059	0.000774687836023
const_-11_3	1.3	0.7	10	10000	0.000596507530374	0.649403492037692	0	0.000000000122109693877556	0.00000000013733070032603	0.308507481512093	0.039740040072995	0.001752478414912
const_-11_3	1.3	0.7	20	10	0.073094656830057	0.576905311061868	0.0000000160508533424363	0	0	0.349664259360339	0.000335613457546	0.000000127182114726048
const_-11_3	1.3	0.7	20	20	0.052112328619653	0.59788762752251	0.0000000219232667964282	0	0	0.349497097902253	0.000502630020152	0.000000272077595042532
const_-11_3	1.3	0.7	20	50	0.032045372484794	0.61795456461606	0.0000000314374695388868	0	0	0.34913022363178	0.000869002006257	0.000000774361963024338
const_-11_3	1.3	0.7	20	100	0.021682761603798	0.628317159284618	0.0000000395344413613407	0	0	0.348673392694581	0.0013248544043	0.00000175290111896828
const_-11_3	1.3	0.7	20	200	0.014445651650773	0.635554253130403	0.0000000475724429486877	0	0	0.347967880036415	0.002028090136201	0.00000402982738399523
const_-11_3	1.3	0.7	20	500	0.008274205020699	0.641725683007079	0.0000000559133514045505	0.000000000123204605069429	0	0.346417232382918	0.003570466371594	0.0000123012454878102
const_-11_3	1.3	0.7	20	1000	0.005351489450962	0.644648391615189	0.0000000593451304779671	0.000000000200802964684337	0	0.344497254724773	0.005473910348985	0.0000288349262422378
const_-11_3	1.3	0.7	20	2000	0.003420594100839	0.646579285142293	0.0000000601785036353664	0.000000000304255072798646	0	0.341565170867214	0.008366962932465	0.000067866200321179
const_-11_3	1.3	0.7	20	5000	0.001859274177032	0.648140659133847	0.0000000330056217785798	0.000000000402375638870383	0.000000000137751281798138	0.335267305258325	0.014521907763304	0.000210786978371
const_-11_3	1.3	0.7	20	10000	0.001155774479025	0.648844224606898	0	0.000000000233764063397511	0.000000000273929109280638	0.32773511649142	0.021769833576833	0.000495049931747
const_-11_3	1.3	0.7	50	10	0.14177626641756	0.508223430023987	0.000000151772939445792	0	0	0.349847463471642	0.000152510279038	0.0000000262493197635861
const_-11_3	1.3	0.7	50	20	0.10729517537942	0.542704358230705	0.000000233183132655956	0	0	0.349778177669755	0.000221769406561	0.0000000529236835979061
const_-11_3	1.3	0.7	50	50	0.070418570776683	0.579580668907535	0.000000380131033008807	0	0	0.349628429862622	0.000371428872408	0.000000141264969622194
const_-11_3	1.3	0.7	50	100	0.049461045335101	0.600537925695073	0.000000514435889073687	0	0	0.34944335296039	0.000556338620306	0.000000308419303917749
const_-11_3	1.3	0.7	50	200	0.03387734108891	0.616121351903223	0.000000653416917962089	0.000000000138383436414594	0	0.34915808404974	0.000841224989595	0.000000690960664908282
const_-11_3	1.3	0.7	50	500	0.019879308178007	0.630119082552771	0.000000804459771359171	0.000000000294802152501571	0	0.348529801704343	0.00146813106747	0.00000206722818625822
const_-11_3	1.3	0.7	50	1000	0.012997987877968	0.637000269127143	0.000000871202028637298	0.00000000048491481618057	0	0.347747199302109	0.002247983087345	0.00000481761054574316
const_-11_3	1.3	0.7	50	2000	0.008357090557381	0.64164112462594	0.000000891921128957995	0.000000000737139630142847	0.000000000118640777846723	0.346540625919727	0.003448014158263	0.000011359922009945
const_-11_3	1.3	0.7	50	5000	0.004548688741901	0.645450668546854	0.000000320526694866752	0.000000000972464606056036	0.000000000342695080111776	0.343900685819016	0.006063488071624	0.0000358261093607554
const_-11_3	1.3	0.7	50	10000	0.002817718499372	0.647182278779579	0.000000000395457985730852	0.000000000565081145212282	0.000000000682525863948473	0.340655968075849	0.009257898724608	0.0000861331995423579
const_-11_3	1.3	0.7	100	10	0.211278788074289	0.438719853887222	0.000000679009654266237	0	0	0.34991163051317	0.0000883606771883683	0.00000000880964168551477
const_-11_3	1.3	0.7	100	20	0.168730023860404	0.481267657094754	0.00000115950348758974	0	0	0.349874890181332	0.000125092984462	0.0000000168342060776654
const_-11_3	1.3	0.7	100	50	0.118435451500068	0.53156023391183	0.00000215724821797369	0	0	0.34979731588583	0.00020264208675	0.0000000420274195924935
const_-11_3	1.3	0.7	100	100	0.086927651766285	0.563065981408478	0.00000318332552902172	0.000000000128779928925933	0	0.349702891791993	0.000297020363796	0.0000000878442108970982
const_-11_3	1.3	0.7	100	200	0.06172815829823	0.588263159599938	0.00000434089119475201	0.000000000251640453307452	0	0.349558501735785	0.000441308324638	0.000000189939576708469
const_-11_3	1.3	0.7	100	500	0.037521293625851	0.612467252192891	0.00000572675942488314	0.000000000555080601703767	0	0.34924185608492	0.000757594568915	0.000000549346164565162
const_-11_3	1.3	0.7	100	1000	0.024983857939188	0.625003284405258	0.0000064282583290207	0.000000000929330946734529	0.000000000104782323161152	0.348847600980866	0.001151139718023	0.00000125930111070031
const_-11_3	1.3	0.7	100	2000	0.016261953682382	0.633724563683933	0.00000674036630083641	0.0000000014289005157793	0.000000000236090913520704	0.348238372596196	0.001758686426836	0.00000294097696800254
const_-11_3	1.3	0.7	100	5000	0.008932994516537	0.641063858906753	0.00000157165371600312	0.00000000189987284503258	0.000000000684702651310914	0.346897415065746	0.003093341310639	0.00000924362361450829
const_-11_3	1.3	0.7	100	10000	0.005548706517943	0.644451286568897	0.00000000154234417138141	0.00000000110876976308588	0.00000000135985109956256	0.345233263328695	0.004744415627686	0.0000223210436188209
const_-11_3	1.3	0.7	200	10	0.287872164906774	0.362122736666074	0.00000254920004725415	0	0	0.349946463094246	0.0000535336724161592	0.00000000323333733577319
const_-11_3	1.3	0.7	200	20	0.24222921891368	0.407761140614445	0.00000482020791667907	0.0000000000324713191393043	0.0000000000117855189808522	0.349926155836972	0.0000738382985888248	0.00000000586443885560117
const_-11_3	1.3	0.7	200	50	0.182880224226639	0.467099090282615	0.0000103426728989978	0	0	0.349884638441786	0.000115347944246	0.0000000136139685448116
const_-11_3	1.3	0.7	200	100	0.141656832315482	0.508309240758767	0.0000169633183056574	0.000000000209298513377542	0	0.349835368982233	0.00016460404924	0.0000000269685273603051
const_-11_3	1.3	0.7	200	200	0.10565729358916	0.544291753722724	0.0000254760669486934	0.000000000429509666501562	0	0.34976125167357	0.000238692792551	0.0000000555338792705935
const_-11_3	1.3	0.7	200	500	0.067763181167644	0.5821621192259	0.0000373492003428394	0.00000000099945952585477	0.000000000103155344805041	0.349600701876486	0.000399145792093	0.000000152331421090531
const_-11_3	1.3	0.7	200	1000	0.046531042080731	0.603379808909371	0.0000445734367268068	0.00000000172525093428537	0.000000000205596567884357	0.349402007300545	0.000597653790371	0.00000033890908451312
const_-11_3	1.3	0.7	200	2000	0.030982036726822	0.618920159495044	0.0000489000644369622	0.00000000271229038508744	0.000000000468485028112681	0.349095441193344	0.000903784029918	0.000000774776737889866
const_-11_3	1.3	0.7	200	5000	0.017358881984172	0.632627241920423	0.00000693483970914307	0.0000000036755877490206	0.00000000137019986755092	0.348419736797792	0.00157786863752	0.00000239456468787888
const_-11_3	1.3	0.7	200	10000	0.010875580992647	0.639124399462244	0.00000000598795216280668	0.00000000216687892890966	0.00000000270116266229845	0.347577312913069	0.002416933488607	0.00000575359832427092
const_-11_3	1.3	0.7	500	10	0.385083181255753	0.264893491099738	0.0000116638028810148	0.0000000000184338555044311	0.0000000000101567835827977	0.349970722621232	0.0000292764118212472	0.000000000966946693024503
const_-11_3	1.3	0.7	500	20	0.343042813133246	0.306907979224284	0.0000246037790290021	0	0	0.349960751442065	0.0000392469012846043	0.00000000165665056146181
const_-11_3	1.3	0.7	500	50	0.282615927289132	0.367259092236648	0.000062490119288061	0.000000000148205387525966	0.0000000000437195543762179	0.349941299667086	0.000058696808201946	0.00000000352471228298801
const_-11_3	1.3	0.7	500	100	0.235355516111931	0.414408506133192	0.000117988627078	0.000000000345708136023455	0.0000000000775066924127697	0.349919203078835	0.0000807904259741757	0.00000000649519116354201
const_-11_3	1.3	0.7	500	200	0.189062936213739	0.46052743868816	0.000204812037024	0.000000000763775569305507	0.000000000130138729378268	0.349887081904048	0.000112905675004	0.0000000124209476122683
const_-11_3	1.3	0.7	500	500	0.133126550241972	0.516152337706014	0.000360554816966	0.00000000195057100958527	0.000000000233755560828449	0.34981971874323	0.000180250210748	0.0000000310460215919931
const_-11_3	1.3	0.7	500	1000	0.097238654800862	0.551787742111143	0.000486799266442	0.00000000358082739695262	0.000000000487142029970491	0.349738134617077	0.000261800413813	0.0000000649691100246993
const_-11_3	1.3	0.7	500	2000	0.068131598083615	0.580685083925132	0.000591654893645	0.00000000592098946167921	0.00000000114148697674088	0.349613661925781	0.000386196813829	0.000000141260390342206
const_-11_3	1.3	0.7	500	5000	0.040251712116082	0.609662772674686	0.0000427499479029815	0.0000000084544158057339	0.00000000342950517465989	0.349341997834752	0.000657587360472	0.000000414804776366386
const_-11_3	1.3	0.7	500	10000	0.025872585169191	0.624127326640972	0.0000000349065726068768	0.00000000512873681761883	0.00000000662397751755846	0.349002777931628	0.000996248497188	0.000000973571184856247
const_-11_3	1.3	0.7	1000	10	0.447920637923703	0.202014650318447	0.0000323558547114014	0	0	0.349980804257259	0.0000191953270747063	0.000000000415666820835977
const_-11_3	1.3	0.7	1000	20	0.412017173557326	0.237837978783695	0.0000724237753229772	0.0000000000546731991052767	0.0000000000268300661074838	0.349974675507253	0.0000253238030459158	0.000000000689700818288817
const_-11_3	1.3	0.7	1000	50	0.357509127882629	0.292085293286597	0.000202789257668	0.000000000186289534592187	0	0.349963093289568	0.0000369053171290626	0.00000000139330288741461
const_-11_3	1.3	0.7	1000	100	0.311849969080533	0.337313547737131	0.000418241243148	0.00000000045484461585128	0.000000000120597599231077	0.349950362984021	0.000049634564647803	0.0000000024513306973839
const_-11_3	1.3	0.7	1000	200	0.263758010726856	0.384638791948867	0.00080159791962	0.00000000105733622425587	0.000000000213851060837977	0.349932391205267	0.000067604342107879	0.00000000445262512392522
const_-11_3	1.3	0.7	1000	500	0.199709053628745	0.44704237850485	0.001624282070661	0.00000000290155375810996	0.000000000411765121944014	0.349895896987668	0.000104092660909	0.0000000103514228661421
const_-11_3	1.3	0.7	1000	1000	0.15402403527826	0.491086015667268	0.002444970820804	0.00000000562192145409893	0.000000000895471447866143	0.349852825109401	0.000147154370937	0.0000000205196617444917
const_-11_3	1.3	0.7	1000	2000	0.113473897409552	0.529949125683751	0.003288481407695	0.00000000976737613711572	0.00000000216196571604433	0.349788210516535	0.000211747039011	0.0000000424444537588265
const_-11_3	1.3	0.7	1000	5000	0.072210015300527	0.577487493821862	0.000151231108294	0.0000000150039805009359	0.00000000682852138551729	0.349652297292219	0.000347586915905	0.000000115791875485135
const_-11_3	1.3	0.7	1000	10000	0.048094795820971	0.601904916623515	0.000000126186649757673	0.00000000946858709330105	0.0000000128568136065341	0.349482130800387	0.00051760675623	0.000000262443382347765
power_-9_3	1.3	0.7	1	10	0.159159689996867	0.490840282743114	0.0000000136229959598502	0.0000000000076692785015506	0.00000000000317860286678772	0.349343248930023	0.000656666189571	0.0000000848804061810467
power_-9_3	1.3	0.7	1	20	0.122186670500683	0.527813286379886	0.0000000215463416179212	0	0	0.34905252818265	0.000947303278999	0.000000168538350998473
power_-9_3	1.3	0.7	1	50	0.081600826643566	0.568399100545278	0.0000000363745842963788	0	0	0.348429442297031	0.0015701165281	0.000000441174869667183
power_-9_3	1.3	0.7	1	100	0.057967970271914	0.592031928916883	0.0000000503483684093879	0	0	0.347665485014325	0.002333565058946	0.000000949926729077513
power_-9_3	1.3	0.7	1	200	0.040087963642587	0.609911905794512	0.0000000651788815909749	0.000000000163387649609683	0	0.346497621921057	0.003500278520425	0.0000020995585181799
power_-9_3	1.3	0.7	1	500	0.023778247672816	0.626221587989722	0.0000000819604698588624	0.000000000351682758980307	0	0.343960240820726	0.006033597274063	0.00000616190521081468
power_-9_3	1.3	0.7	1	1000	0.015664934262942	0.634334884889736	0.000000090069443931895	0.000000000582708609303708	0.0000000000628626202397507	0.3408605480742	0.0091253459502	0.0000141059756000755
power_-9_3	1.3	0.7	1	2000	0.010152553686324	0.639847257864482	0.0000000936369586068873	0.000000000892802237818074	0.000000000141325821662125	0.336204922338095	0.013762586933484	0.0000324907284207682
power_-9_3	1.3	0.7	1	5000	0.005597565214448	0.644402284221739	0.000000074275742692357	0.00000000119360109554493	0.000000000409363582636527	0.326494075836548	0.023407972488654	0.0000979516747977829
power_-9_3	1.3	0.7	1	10000	0.003511651812568	0.646488344645696	0.000000000599499937463394	0.000000000703340428606184	0.000000000819697683713367	0.315347062197158	0.034428813456063	0.000224124346779
power_-9_3	1.3	0.7	2	10	0.231409259527938	0.418590624556773	0.000000057947246272808	0	0	0.349614507126261	0.000385463649184	0.00000002922455481171
power_-9_3	1.3	0.7	2	20	0.187510575012416	0.462489221015235	0.00000010196529544946	0	0	0.349458426609192	0.000541518380721	0.0000000550100873864226
power_-9_3	1.3	0.7	2	50	0.134232353091571	0.515767251880001	0.000000197462549561806	0	0	0.349132015510819	0.000867849977042	0.000000134512138827751
power_-9_3	1.3	0.7	2	100	0.09992206076287	0.550077339422214	0.000000299807778015933	0.000000000147845827456206	0	0.348738001972659	0.001261721180628	0.000000276846712837085
power_-9_3	1.3	0.7	2	200	0.071859426657168	0.578139734251079	0.000000419360601258878	0.000000000292531572765079	0	0.348139667904287	0.001859742200303	0.000000589895409961954
power_-9_3	1.3	0.7	2	500	0.04429595604362	0.605702905190446	0.000000568993153373327	0.000000000654285158429328	0	0.346839350322138	0.003158974601831	0.00000167507603075899
power_-9_3	1.3	0.7	2	1000	0.02975451787545	0.620244180941987	0.00000064991538336795	0.00000000110503639726214	0.00000000012338003300974	0.345238310586028	0.004757903302205	0.00000378611176742033
power_-9_3	1.3	0.7	2	2000	0.019518876942929	0.630479736660746	0.000000692062145343847	0.00000000171256690107876	0.000000000279732310800983	0.342799153262777	0.007192144309793	0.00000870242743033015
power_-9_3	1.3	0.7	2	5000	0.010832171493866	0.639166800899042	0.000000511837947563678	0.0000000023018927332695	0.000000000814652159334623	0.337568224167378	0.012405168377239	0.0000266074553834906
power_-9_3	1.3	0.7	2	10000	0.006788698370714	0.643211292439471	0.00000000228424215244525	0.00000000135646095001552	0.0000000016324346997175	0.331320826439048	0.018616800785671	0.0000623727752815279
power_-9_3	1.3	0.7	5	10	0.332577810255444	0.317421583934897	0.00000030288928192861	0	0	0.349796501456407	0.000203490403247	0.00000000814034657864927
power_-9_3	1.3	0.7	5	20	0.287643673780931	0.362355114931563	0.00000060561056183788	0	0	0.349723198439007	0.000276787200181	0.0000000143608124630491
power_-9_3	1.3	0.7	5	50	0.2263050956634	0.423692080634248	0.00000141176152790904	0.000000000119059691976852	0	0.349576561818231	0.000423406205045	0.0000000319767242108845
power_-9_3	1.3	0.7	5	100	0.181227631978997	0.468767417795577	0.00000247492771241898	0.000000000267134931271866	0	0.349405966520188	0.000593972242821	0.000000061236990999427
power_-9_3	1.3	0.7	5	200	0.139726236454489	0.510265820768165	0.00000397102211487398	0.000000000566577665012809	0	0.349153260770419	0.000846617335884	0.000000121893696648131
power_-9_3	1.3	0.7	5	500	0.093292060605089	0.556695322187146	0.00000630777411554657	0.00000000137236082826754	0.000000000143587004612675	0.348614053022107	0.001385626337679	0.000000320640213707519
power_-9_3	1.3	0.7	5	1000	0.06573167564592	0.584252470597643	0.00000792536978982563	0.00000000243066630468512	0.00000000029309546996822	0.347954524472208	0.002044781698547	0.000000693829244560511
power_-9_3	1.3	0.7	5	2000	0.0446937008573	0.605288161073143	0.00000906640416851522	0.00000000390208087007161	0.000000000679569328409044	0.346946333777831	0.003052117749189	0.00000154847297956065
power_-9_3	1.3	0.7	5	5000	0.025566577615768	0.624421846653352	0.0000057831478002718	0.00000000539969687322814	0.00000000201779135533255	0.344751040843008	0.00524430297939	0.00000465617760140576
power_-9_3	1.3	0.7	5	10000	0.016212978746233	0.633786983212773	0.0000000133752684853639	0.00000000322595680989415	0.0000000040322496377118	0.342058810052474	0.007930227584422	0.0000109623631039991
power_-9_3	1.3	0.7	10	10	0.402931301351673	0.24706689613088	0.000000901239058095505	0	0	0.349869236710901	0.00013075992852	0.00000000336057880284785
power_-9_3	1.3	0.7	10	20	0.362382396802603	0.287613716741496	0.00000194318443877544	0	0	0.349825558259571	0.000174436038362	0.00000000570206732705263
power_-9_3	1.3	0.7	10	50	0.303179122706539	0.346810670130621	0.00000510345723182895	0.000000000158762087942988	0	0.34974116712364	0.000258820933347	0.0000000119430124286227
power_-9_3	1.3	0.7	10	100	0.255971646688144	0.394008516140909	0.00000991831681964058	0.000000000375391733096217	0	0.349646268693786	0.000353709605368	0.0000000217008461698263
power_-9_3	1.3	0.7	10	200	0.208787904882767	0.441176556874962	0.0000177685613751202	0.000000000841989961859905	0.000000000138765293726793	0.349509591447007	0.000490367701526	0.000000040851466560355
power_-9_3	1.3	0.7	10	500	0.150210619691222	0.499724011643631	0.0000326829777092322	0.0000000021967339936943	0.000000000256497009935896	0.349226021069498	0.000773879089197	0.0000000998413047327352
power_-9_3	1.3	0.7	10	1000	0.11149088493337	0.538417978325383	0.0000455657763140159	0.00000000409772385441939	0.000000000545447491554971	0.348885810113118	0.00111398450781	0.000000205379071692308
power_-9_3	1.3	0.7	10	2000	0.079272031011161	0.570613926886485	0.0000570163120635861	0.00000000687542019552956	0.00000000130140318669924	0.34837057174294	0.001628988960113	0.000000439296947867344
power_-9_3	1.3	0.7	10	5000	0.047431187527493	0.602507312859316	0.0000307408351004566	0.00000000994312294032241	0.00000000399993399760965	0.347251012393985	0.002747718609106	0.00000126899690925889
power_-9_3	1.3	0.7	10	10000	0.030775224845215	0.619224653762317	0.0000000497361866168716	0.00000000609399659389831	0.00000000791304892613293	0.345869552128578	0.004127510913486	0.00000293695793561674
power_-9_3	1.3	0.7	20	10	0.462763819153549	0.187231338635697	0.00000242108147737951	0.0000000000220143345576858	0.0000000000128927075955802	0.349913707521732	0.0000862910149431556	0.00000000146332465740013
power_-9_3	1.3	0.7	20	20	0.428761443203254	0.221227514788619	0.00000552094977310663	0	0	0.34988657667582	0.000113420913883	0.00000000241029639137959
power_-9_3	1.3	0.7	20	50	0.37662257577946	0.273345610997763	0.0000159064498598875	0.000000000195855391770499	0	0.349835735777053	0.000164259413909	0.00000000480903799546564
power_-9_3	1.3	0.7	20	100	0.332409657663519	0.317523019832274	0.0000336608892919252	0.000000000483730587820513	0.000000000120946218059914	0.349780406310853	0.000219585328825	0.00000000836032232121005
power_-9_3	1.3	0.7	20	200	0.285207581463767	0.364659421603635	0.0000664976770623305	0.0000000011404163208412	0.000000000219028462376233	0.349703101372441	0.00029688366189	0.0000000149656694441272
power_-9_3	1.3	0.7	20	500	0.221004720874871	0.42871262209912	0.000141326476301	0.00000000320169992930999	0.000000000435853259882564	0.349548294733271	0.000451671287901	0.0000000339788283875178
power_-9_3	1.3	0.7	20	1000	0.173905889218727	0.475651243937449	0.000221429284961	0.00000000632784200073014	0.000000000973030413072367	0.349368102423454	0.000631831598322	0.0000000659782241941068
power_-9_3	1.3	0.7	20	2000	0.130811049259747	0.518568380616211	0.00031027703979	0.0000000112208336905656	0.00000000241181390469154	0.34910074172077	0.00089912472659	0.000000133552639600253
power_-9_3	1.3	0.7	20	5000	0.083606091118526	0.566123123601243	0.000135376093384	0.0000000173086308191196	0.00000000789241637018861	0.348529222089546	0.001470415833636	0.000000362076817284147
power_-9_3	1.3	0.7	20	10000	0.056398568994162	0.593601036797919	0.000000176286739293507	0.0000000110777391279877	0.0000000152783509714681	0.347827660708685	0.002171530937665	0.000000808353649426934
power_-9_3	1.3	0.7	50	10	0.523976491065133	0.126007475524728	0.00000801667523672767	0.0000000000246675681594771	0.0000000000174991520056033	0.349948704535123	0.0000512949478478537	0.000000000517029457234052
power_-9_3	1.3	0.7	50	20	0.499011938238963	0.150949658313035	0.0000192016546522916	0	0	0.349933494878197	0.0000665042932399656	0.000000000828562546307957
power_-9_3	1.3	0.7	50	50	0.459015253960998	0.190864441693981	0.0000601519586658312	0.000000000235360207838464	0	0.34990587207878	0.0000941263423990596	0.00000000157882129855514
power_-9_3	1.3	0.7	50	100	0.423135437567594	0.226588669604198	0.000137945917668	0.00000000060605464769988	0.000000000193409458796574	0.349876861557828	0.00012313581393	0.00000000262824234157606
power_-9_3	1.3	0.7	50	200	0.382342786353905	0.267056605001288	0.000300303198747	0.00000000150192601711034	0.000000000372693503037197	0.349837744576424	0.000162250955393	0.00000000446818243725801
power_-9_3	1.3	0.7	50	500	0.321458639561079	0.327050664958178	0.000745344648185	0.00000000456368644294657	0.000000000810343506232177	0.34976293898768	0.000237051658634	0.00000000935368687719904
power_-9_3	1.3	0.7	50	1000	0.271423791471485	0.375887911792626	0.001344141612355	0.00000000965986527279159	0.00000000192565688753847	0.349679735695471	0.000320247369659	0.000000016934870030513
power_-9_3	1.3	0.7	50	2000	0.220100178658764	0.425516589046908	0.002191601906835	0.0000000184119492809284	0.00000000503435436287586	0.34956078478492	0.000439183392713	0.0000000318223668556478
power_-9_3	1.3	0.7	50	5000	0.157308212094467	0.491291739545239	0.00069998957247	0.0000000316073586084988	0.0000000188039979609584	0.349319808601367	0.000680114112793	0.0000000772858406110736
power_-9_3	1.3	0.7	50	10000	0.114546333289507	0.535451919120701	0.000000827875399306005	0.0000000220484413947827	0.0000000348952755884699	0.349031776848143	0.000968063057698	0.000000160094159246549
power_-9_3	1.3	0.7	100	10	0.558012288190072	0.091950175058435	0.0000187683409631975	0	0	0.349964850256815	0.0000351495004209485	0.000000000242764052652588
power_-9_3	1.3	0.7	100	20	0.538976857793276	0.110931153006011	0.0000459945185785574	0	0	0.3499547475056	0.0000452521108009749	0.000000000383598801245191
power_-9_3	1.3	0.7	100	50	0.507751500429587	0.141948697602371	0.000149900727793	0.000000000256248225698645	0.000000000128103547155508	0.349936709503159	0.0000632897831019953	0.000000000713739203899466
power_-9_3	1.3	0.7	100	100	0.478838177049062	0.170446986403748	0.00035741767035	0.000000000673634209657098	0.000000000266427960128931	0.349918136923173	0.0000818619153533954	0.00000000116147324235109
power_-9_3	1.3	0.7	100	200	0.444704624235584	0.203662371762349	0.000816500612409	0.00000000171200348900139	0.000000000532622825995017	0.349893594541193	0.00010640353749	0.00000000192131767302821
power_-9_3	1.3	0.7	100	500	0.390665032662646	0.254947970210785	0.002193494633848	0.0000000054185687685334	0.00000000122015143019998	0.349847893208417	0.000152102941531	0.00000000385005189070953
power_-9_3	1.3	0.7	100	1000	0.342768893796174	0.298692400748058	0.0042693437831	0.00000001188853090946	0.00000000300051823100975	0.349798382428154	0.00020161086233	0.00000000670951685074649
power_-9_3	1.3	0.7	100	2000	0.289685517949548	0.345175865153555	0.007569288633768	0.0000000235264861843556	0.00000000805143743963404	0.34972908828667	0.000270899611575	0.0000000121017554916009
power_-9_3	1.3	0.7	100	5000	0.2279843494405	0.418154957435559	0.001930290126911	0.0000000441227004637135	0.0000000343737087340129	0.349599947710802	0.000400025573672	0.0000000267155259905613
power_-9_3	1.3	0.7	100	10000	0.177981558514993	0.472013597688774	0.00000234323429214172	0.0000000333502030780915	0.0000000619887229710102	0.349449852071537	0.000550096295707	0.0000000516327561586516
power_-9_3	1.3	0.7	200	10	0.583431309517141	0.066483519103203	0.0000425856495457284	0	0	0.349975691930111	0.0000243079537892259	0.000000000116099250348436
power_-9_3	1.3	0.7	200	20	0.569179524900625	0.080608792333659	0.000105841287362	0	0	0.34996886066047	0.0000311391578963659	0.000000000181633526036817
power_-9_3	1.3	0.7	200	50	0.545276279586546	0.104017046149026	0.000353336830127	0.000000000269158056712925	0.000000000167508488169377	0.349956811103674	0.0000431885639844922	0.000000000332341762603273
power_-9_3	1.3	0.7	200	100	0.522387674330386	0.125887343018454	0.000862490609452	0.000000000716743009420495	0.000000000357756460024114	0.349944574002979	0.0000554254646293884	0.000000000532391704486619
power_-9_3	1.3	0.7	200	200	0.494139946293903	0.151806062886989	0.002026993749589	0.00000000184964408376967	0.000000000735143273015277	0.349928612998532	0.0000713861367562209	0.000000000864711709396089
power_-9_3	1.3	0.7	200	500	0.44600989430639	0.192619954733393	0.00568507074145	0.00000000598973745692551	0.00000000174378968795887	0.349899315853852	0.000100682459458	0.00000000168668956599438
power_-9_3	1.3	0.7	200	1000	0.399106686255218	0.227891717975987	0.01150078685846	0.0000000133602419066809	0.00000000434581644071243	0.349867834981833	0.000132162135522	0.00000000288264570271032
power_-9_3	1.3	0.7	200	2000	0.342529639806277	0.265369182804997	0.021050563708224	0.0000000267266388248515	0.0000000116228195044277	0.349823741188867	0.000176253689711	0.00000000512142149260315
power_-9_3	1.3	0.7	200	5000	0.301259568214535	0.339746342469437	0.004496958508824	0.0000000552249625067173	0.0000000585367089347264	0.349753651752723	0.000246338120749	0.0000000101265279369916
power_-9_3	1.3	0.7	200	10000	0.252505184010007	0.397482830163961	0.0000058660579984623	0.0000000454121826631491	0.000000104148926553395	0.349673039093066	0.000326942680015	0.0000000182269183657517
power_-9_3	1.3	0.7	500	10	0.606872370692481	0.042884523413033	0.000121552898868	0	0	0.34998492557773	0.0000150743776226736	0
power_-9_3	1.3	0.7	500	20	0.597169771449274	0.052220367595562	0.000304930361886	0	0	0.349980772025137	0.0000192279056106878	0
power_-9_3	1.3	0.7	500	50	0.580082083650612	0.067853793376074	0.001032061118175	0.000000000274398883653722	0.000000000231282236088629	0.349973515442254	0.000026484432775751	0.000000000124970645547649
power_-9_3	1.3	0.7	500	100	0.562301836971936	0.082604141851784	0.00254700971385	0.00000000073547039689945	0.000000000506555332418579	0.349966209662965	0.0000337901391718309	0.000000000197863508682087
power_-9_3	1.3	0.7	500	200	0.537768845512323	0.100158482946796	0.006036333752954	0.00000000190867099542809	0.00000000106315087146868	0.349956715754233	0.0000432839278874504	0.000000000317879142956261
power_-9_3	1.3	0.7	500	500	0.488768030836947	0.127521692051816	0.016855132910877	0.00000000618350776375624	0.00000000255298830148753	0.349939157835076	0.0000608415490690367	0.000000000615855186876343
power_-9_3	1.3	0.7	500	1000	0.433092781272457	0.15012084210859	0.033393175311881	0.0000000136079664443827	0.00000000619361258441864	0.349919731636966	0.0000802672998949613	0.00000000106313903862973
power_-9_3	1.3	0.7	500	2000	0.361674252093957	0.172411532039668	0.057957079180729	0.0000000263724347501746	0.0000000155662405156931	0.349891460137522	0.000108537920729	0.00000000194174867467353
power_-9_3	1.3	0.7	500	5000	0.384959386603716	0.24265005467455	0.011195143299094	0.0000000636813530588468	0.00000010422109595833	0.349861968489349	0.000138028332319	0.00000000317833244353968
power_-9_3	1.3	0.7	500	10000	0.352942300504489	0.297023998886451	0.0000166329762485803	0.0000000584460485969894	0.00000018810525687425	0.349824869257362	0.000175125515322	0.00000000522731598266902
power_-9_3	1.3	0.7	1000	10	0.618852544187626	0.030621869433342	0.00026279313474	0	0	0.349989444282894	0.0000105556952136062	0
power_-9_3	1.3	0.7	1000	20	0.611318170471516	0.037360344728581	0.000660742268143	0	0	0.349986561740912	0.0000134382252620588	0
power_-9_3	1.3	0.7	1000	50	0.596861022247399	0.048668880336321	0.002235048287351	0.000000000269701097383943	0.000000000285938583695691	0.349981537113569	0.0000184628256996009	0
power_-9_3	1.3	0.7	1000	100	0.579729963221381	0.059307929868919	0.005481052461238	0.000000000720671678878847	0.000000000633276436645657	0.349976467456322	0.0000235324477140182	0
power_-9_3	1.3	0.7	1000	200	0.552684254845886	0.071796748195845	0.01275949621899	0.00000000185571267945126	0.00000000133228820857905	0.349969807216688	0.0000301926286457696	0.000000000154665805352205
power_-9_3	1.3	0.7	1000	500	0.492167466489167	0.090478074161115	0.033677223610129	0.00000000586649068158883	0.0000000031314853910671	0.349957121679158	0.0000428780149806367	0.000000000305861720630991
power_-9_3	1.3	0.7	1000	1000	0.421038827457093	0.104648668468569	0.062156238614869	0.0000000124613708711162	0.00000000719161419684153	0.349942423997422	0.00005757545561376	0.000000000546964778804922
power_-9_3	1.3	0.7	1000	2000	0.335656859679439	0.11741730920494	0.098462887297253	0.0000000230528682762584	0.0000000167341237241346	0.349920309626161	0.0000796893272060851	0.00000000104663326937874
power_-9_3	1.3	0.7	1000	5000	0.429452688315475	0.181010498261566	0.019768228465273	0.0000000640242979839625	0.000000146234057570687	0.34990746565645	0.0000925329153171917	0.00000000142823231918117
power_-9_3	1.3	0.7	1000	10000	0.420803472775598	0.229129988893931	0.0000329635360425469	0.0000000637624202539504	0.000000273747983005404	0.349886458079721	0.000113539723444	0.00000000219683481727613
black_-28	1.3	0.7	1	10	0.389620429667763	0.260379570227241	0	0	0	0.34999849238081	0.00000150761918996039	0
black_-28	1.3	0.7	1	20	0.34794547589656	0.302054523913812	0.0000000000929200423397842	0.00000000000227015148277557	0.000000000000758696772400377	0.349997981370914	0.00000201862908621351	0
black_-28	1.3	0.7	1	50	0.287813343428945	0.362186656183016	0.000000000189491274373007	0	0	0.349996986862255	0.00000301313774476529	0
black_-28	1.3	0.7	1	100	0.240560659971848	0.409439339409735	0.000000000300533596286804	0	0	0.349995859966201	0.00000414003379923487	0
black_-28	1.3	0.7	1	200	0.194042866471842	0.455957132620705	0.000000000437286706701632	0	0	0.349994225548909	0.00000577445109591856	0
black_-28	1.3	0.7	1	500	0.137437198360049	0.512562800322998	0.000000000620321416523181	0	0	0.349990806257658	0.0000091937423418112	0
black_-28	1.3	0.7	1	1000	0.100822063601294	0.549177934549496	0.000000000829792125891503	0	0	0.349986672065051	0.0000133279349492458	0
black_-28	1.3	0.7	1	2000	0.070907865504617	0.579092131152178	0.00000000136199944784922	0	0.000000000279085559263765	0.349980368174245	0.0000196318257547411	0
black_-28	1.3	0.7	1	5000	0.04188873746421	0.608111252072618	0.00000000352954219972926	0	0.00000000166844309829166	0.349966541214204	0.0000334587857954601	0
black_-28	1.3	0.7	1	10000	0.02695686317441	0.623043118516564	0.00000000387649483270783	0	0.0000000052470317194388	0.349949277871273	0.0000507221287277197	0
black_-28	1.3	0.7	2	10	0.451747342680973	0.198252656910271	0.000000000202739281722209	0	0	0.349999009965021	0.000000990034978503851	0
black_-28	1.3	0.7	2	20	0.41635904343353	0.233640955766479	0.000000000396689129583381	0	0	0.349998695138961	0.00000130486103904706	0
black_-28	1.3	0.7	2	50	0.362557600488915	0.287442397656592	0.000000000918835058269775	0.0000000000111036697236712	0.0000000000028594387845999	0.349998101665515	0.00000189833448551235	0
black_-28	1.3	0.7	2	100	0.317428170155498	0.332571826555985	0.00000000162740813300554	0.000000000022557711374889	0.00000000000557200726386199	0.349997451521104	0.00000254847889575731	0
black_-28	1.3	0.7	2	200	0.269815576712818	0.380184417889759	0.00000000266560156249181	0	0	0.349996537300158	0.000003462699586469	0
black_-28	1.3	0.7	2	500	0.206132095824526	0.443867895205699	0.00000000440637372813601	0	0	0.34999469160661	0.00000530839338987096	0
black_-28	1.3	0.7	2	1000	0.160318570507093	0.489681416702727	0.00000000621029866101339	0.000000000137244440906285	0.000000000116169273997723	0.349992526165086	0.00000747383491353046	0
black_-28	1.3	0.7	2	2000	0.119164120642711	0.530835858525095	0.00000000984878424884074	0.000000000186471881374113	0.000000000474076462633646	0.349989291339732	0.000010708660268427	0
black_-28	1.3	0.7	2	5000	0.074921953566266	0.575077991502794	0.0000000243739347709334	0.000000000225752674019335	0.00000000297865886800561	0.349982308421637	0.0000176915780238079	0
black_-28	1.3	0.7	2	10000	0.049996156456948	0.600003783463329	0.0000000200444012234699	0.000000000218981337249659	0.00000000988596924788828	0.349973661671726	0.0000263383282677132	0
black_-28	1.3	0.7	5	10	0.515994161207279	0.134005836705672	0.00000000104064466954695	0	0	0.349999414122792	0.000000585877207855586	0
black_-28	1.3	0.7	5	20	0.489739123044227	0.160260872527656	0.00000000220794484446372	0	0	0.349999239066394	0.000000760933606340987	0
black_-28	1.3	0.7	5	50	0.447931624106688	0.202068364230663	0.00000000581461257400379	0	0	0.349998919843231	0.00000108015676890184	0
black_-28	1.3	0.7	5	100	0.410737320094638	0.239262656711559	0.0000000115614998578304	0.000000000050466817439617	0.000000000010168413534527	0.349998583052602	0.00000141694739760438	0
black_-28	1.3	0.7	5	200	0.368860458489042	0.281139498136194	0.0000000216139921254869	0.000000000105235188097706	0	0.349998126945995	0.00000187305400504549	0
black_-28	1.3	0.7	5	500	0.30726055692881	0.34273935588033	0.0000000434115074083623	0.000000000249713437061358	0	0.349997250094732	0.00000274990526761616	0
black_-28	1.3	0.7	5	1000	0.257500050493754	0.392499811354916	0.0000000686591018966979	0.000000000431142738871927	0.000000000200991725500283	0.349996270206308	0.00000372979369245322	0
black_-28	1.3	0.7	5	2000	0.207247772116484	0.442752001699226	0.000000111923034255354	0.000000000662554202356886	0.000000000837835384871114	0.349994864230946	0.00000513576908032088	0
black_-28	1.3	0.7	5	5000	0.144643918905529	0.505355539488809	0.000000264714020168407	0.000000000940313524239128	0.00000000561865451762912	0.349991946685249	0.00000805331479144923	0
black_-28	1.3	0.7	5	10000	0.103630720703449	0.54636896747495	0.000000134528724129392	0.00000000100383251831591	0.000000020880160311992	0.349988428995178	0.000011571004822022	0
black_-28	1.3	0.7	10	10	0.551993815120839	0.098006178401595	0.00000000323467827988836	0	0	0.349999599458776	0.000000400541224477734	0
black_-28	1.3	0.7	10	20	0.531901160019348	0.118098825583635	0.00000000718949256261531	0	0	0.349999483703524	0.000000516296475529749	0
black_-28	1.3	0.7	10	50	0.499165776705715	0.150834182526184	0.0000000203582409459718	0	0	0.349999276470857	0.000000723529142804146	0
black_-28	1.3	0.7	10	100	0.469179637155719	0.180820276276793	0.0000000432270386223285	0	0	0.349999062540661	0.000000937459339065441	0
black_-28	1.3	0.7	10	200	0.434291952540566	0.215707872670177	0.0000000872726365508692	0.000000000182673263088632	0	0.349998779388608	0.00000122061139178769	0
black_-28	1.3	0.7	10	500	0.380356626848032	0.269642977006271	0.000000197752817400268	0.000000000470071778680406	0	0.349998252309548	0.00000174769045246813	0
black_-28	1.3	0.7	10	1000	0.333941168228216	0.316058146875018	0.000000341729527177398	0.000000000873838507717462	0.000000000281936466347487	0.349997684045745	0.00000231595425539557	0
black_-28	1.3	0.7	10	2000	0.283706213630529	0.366292608025523	0.000000587274920740078	0.0000000014616531322432	0.00000000116622675123121	0.349996896071189	0.00000310392881184368	0
black_-28	1.3	0.7	10	5000	0.214676452376064	0.435320784245851	0.00000137245216962202	0.00000000234520199288211	0.0000000080642721431681	0.349995325461318	0.00000467453868224758	0
black_-28	1.3	0.7	10	10000	0.163983250250784	0.486015736649839	0.000000471112565540753	0.00000000271395091708858	0.0000000340801475250069	0.349993495355487	0.00000650464451255676	0
black_-28	1.3	0.7	20	10	0.579022736744244	0.070977244541546	0.00000000935156830240508	0	0	0.349999723463933	0.000000276536066985076	0
black_-28	1.3	0.7	20	20	0.564008032612132	0.085991924193026	0.0000000215848731100828	0	0	0.349999645466412	0.000000354533587571149	0
black_-28	1.3	0.7	20	50	0.539154244400274	0.1108456260645	0.0000000647301741440677	0	0	0.349999507725106	0.000000492274894455394	0
black_-28	1.3	0.7	20	100	0.515922761406727	0.134076949121337	0.000000144651042271156	0.000000000127536410238285	0	0.349999367855976	0.000000632144023855416	0
black_-28	1.3	0.7	20	200	0.488270166719885	0.161729212859656	0.000000310021477337635	0.000000000290884062982026	0	0.349999185997525	0.000000814002468588252	0
black_-28	1.3	0.7	20	500	0.443999388069219	0.205999065579338	0.000000772659146652581	0.000000000797683685577052	0.000000000117733270599315	0.349998856175131	0.00000114382486850807	0
black_-28	1.3	0.7	20	1000	0.404143779083616	0.245853337888005	0.00000144035151831954	0.0000000015731497541698	0.000000000376096251948544	0.349998511350547	0.0000014886494533598	0
black_-28	1.3	0.7	20	2000	0.358749797398331	0.291244950619838	0.00000262307183267848	0.00000000282229885614496	0.00000000150793339615327	0.349998048117334	0.00000195188266545583	0
black_-28	1.3	0.7	20	5000	0.291390666004684	0.358597006569001	0.00000615074639599618	0.00000000503736537661835	0.0000000104480790191983	0.34999716263628	0.00000283736371980251	0
black_-28	1.3	0.7	20	10000	0.236907492940377	0.413089511684501	0.00000144179607374321	0.00000000624544610978537	0.0000000527687642566544	0.349996172949696	0.00000382705030429712	0
black_-28	1.3	0.7	50	10	0.604146450752248	0.045853480194891	0.0000000345188384430906	0	0	0.3499998287783	0.000000171221700558875	0
black_-28	1.3	0.7	50	20	0.59417813826942	0.055821695743667	0.0000000829755790847616	0	0	0.349999781539824	0.000000218460175535807	0
black_-28	1.3	0.7	50	50	0.577447804910597	0.072551666754993	0.000000264111158734214	0	0	0.349999699157484	0.000000300842515446192	0
black_-28	1.3	0.7	50	100	0.56153264013356	0.088466116697022	0.000000621452772059011	0.000000000202611123129081	0	0.349999616775154	0.000000383224846380864	0
black_-28	1.3	0.7	50	200	0.542210006531118	0.107787166309602	0.00000141327529257307	0.000000000480878805105336	0	0.349999511451421	0.000000488548579087406	0
black_-28	1.3	0.7	50	500	0.510319539753757	0.139672720643201	0.00000386892700183839	0.00000000140489014906561	0.000000000172073960815882	0.349999325201543	0.000000674798457506921	0
black_-28	1.3	0.7	50	1000	0.48045745217199	0.169526958863604	0.00000779249392042913	0.00000000293766934513208	0.000000000519447832772662	0.34999913644308	0.000000863556919448276	0
black_-28	1.3	0.7	50	2000	0.444872190245428	0.205097444540457	0.0000151778410409361	0.00000000564869946587212	0.00000000194170159719985	0.349998891301478	0.00000110869852249365	0
black_-28	1.3	0.7	50	5000	0.388211309763124	0.261716443459025	0.0000361048698025848	0.0000000111852903315273	0.0000000129264773462655	0.349998444918685	0.00000155508131513721	0
black_-28	1.3	0.7	50	10000	0.33796186555434	0.312027180560257	0.00000537819907455373	0.0000000146178070810506	0.000000091434723100179	0.349997972750033	0.00000202724996663923	0
black_-28	1.3	0.7	100	10	0.617227401481067	0.032772425405494	0.0000000865476381245087	0.0000000000124176757878732	0.00000000000287261260551018	0.349999880217705	0.000000119782294635516	0
black_-28	1.3	0.7	100	20	0.610005460066195	0.039994113220272	0.000000213334808217186	0	0	0.349999847542301	0.000000152457699523871	0
black_-28	1.3	0.7	100	50	0.597800721995552	0.052197870092445	0.000000703884797524568	0.000000000107193551228122	0	0.349999790924086	0.000000209075913520642	0
black_-28	1.3	0.7	100	100	0.586088929498491	0.06390765594662	0.00000170710560064059	0.000000000267648938639737	0	0.349999734754537	0.000000265245463269281	0
black_-28	1.3	0.7	100	200	0.571729052289292	0.07826291405139	0.0000040164234237131	0.000000000650284714449506	0	0.349999663574357	0.000000336425642752007	0
black_-28	1.3	0.7	100	500	0.547667798742298	0.102309017876113	0.0000115904858878116	0.00000000196993657633479	0.000000000219938187732835	0.349999539380653	0.000000460619346523053	0
black_-28	1.3	0.7	100	1000	0.524692483404342	0.125258746020669	0.0000243825216719773	0.00000000425617459765661	0.000000000637735144560357	0.349999415624199	0.000000584375800760543	0
black_-28	1.3	0.7	100	2000	0.496689053575813	0.153212127889303	0.0000494027863362448	0.00000000849438944724852	0.00000000223391097107822	0.349999257919043	0.000000742080957220884	0
black_-28	1.3	0.7	100	5000	0.450482210319947	0.199280594320232	0.000118574603818	0.0000000176711373145972	0.0000000142405235812571	0.349998978848603	0.00000102115139671056	0
black_-28	1.3	0.7	100	10000	0.407709550316463	0.242263771908088	0.0000131874077637114	0.0000000232634035482571	0.000000139848258634963	0.349998694030825	0.00000130596917541096	0
black_-28	1.3	0.7	200	10	0.626649793529985	0.023349796807289	0.000000204821044781037	0	0	0.349999915940234	0.0000000840597664600842	0
black_-28	1.3	0.7	200	20	0.621454747979164	0.028544221366149	0.000000515301812791321	0	0	0.349999893193588	0.000000106806411777849	0
black_-28	1.3	0.7	200	50	0.612632174981358	0.037364324497186	0.00000175017544844968	0.000000000130674953270211	0	0.349999853960689	0.00000014603931098993	0
black_-28	1.3	0.7	200	100	0.604112743484078	0.045878560215885	0.00000434793966794941	0.000000000331809732946397	0	0.349999815259876	0.000000184740124471028	0
black_-28	1.3	0.7	200	200	0.593592124197125	0.056386863615583	0.0000105055856675466	0.000000000821296805118956	0	0.349999766526621	0.000000233473379517252	0
black_-28	1.3	0.7	200	500	0.5757665218389	0.074170335686085	0.0000315696891676587	0.00000000255911787652224	0.000000000268781165020734	0.349999682315425	0.000000317684575237462	0
black_-28	1.3	0.7	200	1000	0.558497039943049	0.09136570319359	0.0000686248450910085	0.00000000566744663008705	0.000000000752866496443048	0.349999599421674	0.000000400578325786628	0
black_-28	1.3	0.7	200	2000	0.537089904182298	0.112623842303201	0.000143118486137	0.0000000116077299572147	0.0000000024672485511579	0.349999495240426	0.000000504759573956332	0
black_-28	1.3	0.7	200	5000	0.500823256871257	0.148489233194025	0.000343727224379	0.0000000247681298395709	0.000000015358914627795	0.349999314778718	0.000000685221282554732	0
black_-28	1.3	0.7	200	10000	0.466782475619843	0.183157268477048	0.0000298981909781837	0.0000000321251161963382	0.000000213698017796778	0.349999135860051	0.000000864139948583642	0
black_-28	1.3	0.7	500	10	0.635131538719128	0.014867290092382	0.000000585582962766449	0	0	0.349999947192024	0.0000000528079757576583	0
black_-28	1.3	0.7	500	20	0.631794548002296	0.018202448959901	0.00000150149033366863	0.0000000000433725943350962	0.00000000000688168824375413	0.349999933004479	0.0000000669955214059167	0
black_-28	1.3	0.7	500	50	0.626100167434962	0.023889353541734	0.00000523941331644843	0.000000000154028342223496	0	0.349999908634421	0.0000000913655787375162	0
black_-28	1.3	0.7	500	100	0.620565500343634	0.029407876142614	0.0000133115088487261	0.00000000039715464513053	0	0.349999884716414	0.000000115283586151889	0
black_-28	1.3	0.7	500	200	0.613675665963417	0.036258397622947	0.0000329675946263745	0.000000000999829529779584	0.000000000112276791741651	0.349999854766479	0.000000145233520750388	0
black_-28	1.3	0.7	500	500	0.601842124759643	0.047952262726023	0.000102804338847	0.00000000319542863871302	0.000000000320605466503384	0.349999803447984	0.000000196552015941452	0
black_-28	1.3	0.7	500	1000	0.590159365424792	0.059380697888354	0.000229963861168	0.00000000722934883681566	0.000000000867584303338195	0.349999753750332	0.000000246159984638401	0.0000000000896829458093041
black_-28	1.3	0.7	500	2000	0.575343171047061	0.073676932302263	0.000489938175954	0.0000000150743713181112	0.00000000261219600996691	0.349999691366	0.000000308634000865977	0
black_-28	1.3	0.7	500	5000	0.549442235531292	0.098247415520922	0.001155141265532	0.0000000321630706733174	0.0000000171268260497999	0.349999585747429	0.000000414252571178829	0
black_-28	1.3	0.7	500	10000	0.527030167368813	0.12281315320439	0.0000779652895361759	0.0000000402696141904785	0.000000354289055062562	0.349999483993909	0.000000516006091148265	0
black_-28	1.3	0.7	1000	10	0.639449157087182	0.010548416917174	0.00000121298645314891	0	0	0.349999962785337	0.0000000372146624040618	0
black_-28	1.3	0.7	1000	20	0.637069088903394	0.012924642824336	0.00000313410704317999	0.0000000000451670009134217	0.00000000000650844574492547	0.349999952823351	0.0000000471766486274282	0
black_-28	1.3	0.7	1000	50	0.6329930149473	0.016984865012727	0.0000110599184365834	0.000000000161439909671509	0	0.34999993574677	0.0000000642532300405898	0
black_-28	1.3	0.7	1000	100	0.629008311219201	0.020934949172924	0.0000283695450846308	0.000000000418624507335735	0	0.349999919029038	0.0000000809709621120305	0
black_-28	1.3	0.7	1000	200	0.624006007333056	0.025851958888972	0.0000710162433875027	0.00000000106069853219466	0.000000000115249092504818	0.349999898152093	0.000000101847906949552	0
black_-28	1.3	0.7	1000	500	0.615271881592182	0.034278064280266	0.000225025014313	0.0000000034232666469753	0.000000000337829737491192	0.349999862519707	0.00000013748029258289	0
black_-28	1.3	0.7	1000	1000	0.60643256411836	0.04254944206106	0.000508992117688	0.00000000780450404727926	0.000000000890350498716798	0.349999827968786	0.000000172031213636216	0
black_-28	1.3	0.7	1000	2000	0.594881331346315	0.052942386147525	0.001088130557633	0.0000000163044607694907	0.0000000025432154085413	0.349999785245631	0.000000214754369872653	0
black_-28	1.3	0.7	1000	5000	0.574082929181785	0.070931205204232	0.002492896908644	0.0000000340953395715349	0.0000000188506782889429	0.349999713107449	0.000000286892550978537	0
black_-28	1.3	0.7	1000	10000	0.560425911002456	0.089280293556269	0.000146395371557	0.0000000416867395161273	0.000000481505710631777	0.349999644697444	0.00000035530255575746	0
const_-7_3	1.3	0.7	1	10	0.000000955437228307796	0.649999044562771	0	0	0	0.000125619767852	0.010392923865022	0.339481456367126
const_-7_3	1.3	0.7	1	20	0.000000635659463288938	0.649999364340537	0	0	0	0.0000554397994585035	0.007106173285038	0.342838386915503
const_-7_3	1.3	0.7	1	50	0.000000366510331319873	0.649999633489669	0	0	0	0.0000184310525539024	0.004219092514496	0.345762476432951
const_-7_3	1.3	0.7	1	100	0.000000239964589707672	0.649999760035541	0	0	0	0.00000790349508814111	0.002807178700762	0.34718491780415
const_-7_3	1.3	0.7	1	200	0.000000156192750310613	0.649999843804772	0	0	0	0.00000335999738823539	0.001852352173133	0.348144287829478
const_-7_3	1.3	0.7	1	500	0.0000000875943424504196	0.649999912405657	0	0	0	0.00000107343344781961	0.001058555983208	0.348940370583345
const_-7_3	1.3	0.7	1	1000	0.0000000559902011239575	0.649999944009806	0	0	0	0.000000449341672840942	0.000688081919984	0.349311468738343
const_-7_3	1.3	0.7	1	2000	0.0000000354205785213335	0.649999964607314	0	0	0	0.000000186666765188354	0.000443911205895	0.349555902127339
const_-7_3	1.3	0.7	1	5000	0.0000000189775257874535	0.649999981019694	0	0	0	0.0000000576266475475444	0.000245244704561	0.349754697668791
const_-7_3	1.3	0.7	1	10000	0.0000000116354965626309	0.649999988364502	0	0	0	0.0000000233900638013292	0.000154604765213	0.349845371844724
const_-7_3	1.3	0.7	2	10	0.00000189612486350917	0.649998103875136	0	0	0	0.000480207711651	0.020019051059406	0.329500741228943
const_-7_3	1.3	0.7	2	20	0.00000126462741287403	0.649998735372587	0	0	0	0.00021501109002	0.013852766340103	0.335932222569877
const_-7_3	1.3	0.7	2	50	0.000000730732439591485	0.64999926926756	0	0	0	0.0000723862530736879	0.00831098690872	0.341616626838206
const_-7_3	1.3	0.7	2	100	0.000000478932346790132	0.649999521067807	0	0	0	0.000031231258516875	0.005557931472869	0.344410837268615
const_-7_3	1.3	0.7	2	200	0.000000311957250787679	0.649999688042729	0	0	0	0.0000133324222628341	0.003680097540454	0.346306570037283
const_-7_3	1.3	0.7	2	500	0.000000175051387535801	0.649999824948258	0	0	0	0.00000427406183344836	0.002109064925838	0.347886661012329
const_-7_3	1.3	0.7	2	1000	0.00000011192334301524	0.649999888076654	0	0	0	0.00000179200948186377	0.001372761430479	0.348625446560039
const_-7_3	1.3	0.7	2	2000	0.0000000708178664797254	0.64999992918213	0	0	0	0.00000074523047051354	0.000886405631158	0.349112849138372
const_-7_3	1.3	0.7	2	5000	0.0000000379481561222897	0.649999962048798	0	0	0	0.000000230261457922441	0.00049005681452	0.349509712924022
const_-7_3	1.3	0.7	2	10000	0.0000000232683277081371	0.649999976731665	0	0	0	0.0000000934975177020463	0.000309037578471	0.349690868924011
const_-7_3	1.3	0.7	5	10	0.00000463607021259246	0.649995363929786	0	0	0	0.002634988897196	0.044927085337401	0.302437925765403
const_-7_3	1.3	0.7	5	20	0.00000311346137497778	0.649996886538624	0	0	0	0.00122834631495	0.032145068034852	0.316626585650198
const_-7_3	1.3	0.7	5	50	0.00000181011676832784	0.649998189883229	0	0	0	0.000428683198354	0.019869367315012	0.329701949486634
const_-7_3	1.3	0.7	5	100	0.00000118998875494542	0.649998810011242	0	0	0	0.000188283279486	0.013485476427259	0.336326240293254
const_-7_3	1.3	0.7	5	200	0.000000776720287924568	0.649999223279677	0	0	0	0.000081360507051877	0.009019741154204	0.340898898338744
const_-7_3	1.3	0.7	5	500	0.000000436606067284742	0.649999563393923	0	0	0	0.0000263493184361188	0.005213077131753	0.344760573549811
const_-7_3	1.3	0.7	5	1000	0.000000279382413952832	0.64999972061768	0	0	0	0.0000111005528327725	0.003406597868063	0.346582301579104
const_-7_3	1.3	0.7	5	2000	0.000000176870505330417	0.649999823129475	0	0	0	0.00000463091770298242	0.002205445433238	0.347789923649059
const_-7_3	1.3	0.7	5	5000	0.0000000948187596989174	0.649999905181219	0	0	0	0.00000143455324338625	0.001221907202971	0.348776658243786
const_-7_3	1.3	0.7	5	10000	0.0000000581508488084636	0.649999941774954	0	0	0	0.000000583185615955996	0.000771306701029	0.349228110113355
const_-7_3	1.3	0.7	10	10	0.00000896355991608711	0.649991036440083	0	0	0	0.008637236269307	0.07616770007926	0.265195063651433
const_-7_3	1.3	0.7	10	20	0.00000607949998192097	0.649993920500016	0	0	0	0.004267972701179	0.057199047125258	0.288532980173563
const_-7_3	1.3	0.7	10	50	0.00000356736166070026	0.649996432638335	0	0	0	0.001572787014156	0.036989270629524	0.31143794235632
const_-7_3	1.3	0.7	10	100	0.00000235636735838961	0.649997643632634	0	0	0	0.000710325177364	0.025692764052607	0.323596910770028
const_-7_3	1.3	0.7	10	200	0.00000154311834621308	0.649998456881639	0	0	0	0.000312959768333	0.017463602676553	0.332223437555115
const_-7_3	1.3	0.7	10	500	0.000000869852261260358	0.649999130147716	0	0	0	0.000103041912093	0.010232521223531	0.339664436864376
const_-7_3	1.3	0.7	10	1000	0.000000557358221255591	0.649999442641744	0	0	0	0.0000437511514646064	0.006730234822565	0.343226014025971
const_-7_3	1.3	0.7	10	2000	0.000000353163972461193	0.649999646835981	0	0	0	0.0000183473372614211	0.004376039201747	0.345605613460992
const_-7_3	1.3	0.7	10	5000	0.000000189465984790653	0.649999810527321	0	0	0	0.00000570787730627381	0.002433095410263	0.347561196712431
const_-7_3	1.3	0.7	10	10000	0.000000116235265022663	0.649999883763961	0	0	0	0.00000232495000736725	0.001538338486405	0.348459336563589
const_-7_3	1.3	0.7	20	10	0.0000169274905494019	0.649983072509449	0	0	0	0.02451211765047	0.114461517502948	0.211026364846581
const_-7_3	1.3	0.7	20	20	0.0000116522862457222	0.64998834771375	0	0	0	0.013260123175282	0.092718780868798	0.24402109595592
const_-7_3	1.3	0.7	20	50	0.00000694250508060999	0.649993057494911	0	0	0	0.005354344560104	0.064705447859428	0.279940207580469
const_-7_3	1.3	0.7	20	100	0.00000462432349586984	0.649995375676489	0	0	0	0.002541443431021	0.046841127743625	0.300617428825355
const_-7_3	1.3	0.7	20	200	0.0000030467594799162	0.649996953240494	0	0	0	0.001160588716398	0.03280074690688	0.316038664376721
const_-7_3	1.3	0.7	20	500	0.00000172661533426136	0.649998273384616	0	0	0	0.000394294553165	0.019725992042031	0.329879713404805
const_-7_3	1.3	0.7	20	1000	0.00000110918709617185	0.649998890812827	0	0	0	0.000169974095116	0.013138709248894	0.33669131665599
const_-7_3	1.3	0.7	20	2000	0.000000704045690503241	0.649999295954243	0	0	0	0.0000720101784573114	0.008615437998099	0.341312551823444
const_-7_3	1.3	0.7	20	5000	0.000000378250048424712	0.649999621749812	0	0	0	0.0000225918354053342	0.004823787384898	0.345153620779697
const_-7_3	1.3	0.7	20	10000	0.000000232205806981362	0.649999767794014	0	0	0	0.00000923793852682206	0.003059695692515	0.346931066368958
const_-7_3	1.3	0.7	50	10	0.0000375852325928756	0.649962414767403	0	0	0	0.072177686357082	0.151789999148734	0.126032314494184
const_-7_3	1.3	0.7	50	20	0.0000264515269573218	0.649973548473035	0	0	0	0.045745251643554	0.1409018464237	0.163352901932747
const_-7_3	1.3	0.7	50	50	0.0000162132350172503	0.649983786764964	0	0	0	0.022207239892127	0.114913076059427	0.212879684048445
const_-7_3	1.3	0.7	50	100	0.0000109984600909952	0.649989001539874	0	0	0	0.011800635106869	0.091445921848058	0.246753443045073
const_-7_3	1.3	0.7	50	200	0.00000735280571521128	0.649992647194195	0	0	0	0.005885752230828	0.068927030481457	0.275187217287715
const_-7_3	1.3	0.7	50	500	0.00000422486942114508	0.64999577513045	0	0	0	0.002171517390297	0.044397858380133	0.303430624229571
const_-7_3	1.3	0.7	50	1000	0.00000273334478526941	0.649997266655005	0	0	0	0.000976139490552	0.030619010642482	0.318404849866966
const_-7_3	1.3	0.7	50	2000	0.00000174349882963503	0.649998256506631	0	0	0	0.000425687895978	0.020566162660991	0.329008149443031
const_-7_3	1.3	0.7	50	5000	0.000000940593718219326	0.649999059405879	0	0	0	0.000136850777818	0.011750611178063	0.338112538044118
const_-7_3	1.3	0.7	50	10000	0.000000578549059944317	0.649999421450657	0	0	0	0.0000566010743359581	0.007524202834495	0.342419196091169
const_-7_3	1.3	0.7	100	10	0.000067168241087854	0.649932831758905	0	0	0	0.128514995023447	0.151226362025617	0.070258642950936
const_-7_3	1.3	0.7	100	20	0.0000477504053238089	0.649952249594663	0	0	0	0.092058722977728	0.157070657952239	0.100870619070033
const_-7_3	1.3	0.7	100	50	0.0000298563411775776	0.64997014365879	0	0	0	0.052737030483356	0.148188504550062	0.149074464966582
const_-7_3	1.3	0.7	100	100	0.0000205982171160847	0.649979401782821	0	0	0	0.03153415324684	0.130477603762383	0.187988242990777
const_-7_3	1.3	0.7	100	200	0.0000139924449482894	0.649986007554934	0	0	0	0.017444099687551	0.107347318453173	0.225208581859276
const_-7_3	1.3	0.7	100	500	0.00000818153373966951	0.649991818466012	0	0	0	0.007169447594774	0.075693803107161	0.267136749298065
const_-7_3	1.3	0.7	100	1000	0.0000053457638202208	0.649994654235763	0	0	0	0.003420782432473	0.054864020385426	0.291715197182101
const_-7_3	1.3	0.7	100	2000	0.00000343474748237829	0.649996565251904	0	0	0	0.001557857065701	0.038204567772489	0.310237575161811
const_-7_3	1.3	0.7	100	5000	0.00000186495066784731	0.649998135047135	0	0	0	0.000520235251257	0.022529267540442	0.326950497208302
const_-7_3	1.3	0.7	100	10000	0.00000115067705283661	0.649998849322382	0	0	0	0.000219135515662	0.014646536830812	0.335134327653526
const_-7_3	1.3	0.7	200	10	0.000120013940943	0.649879986059045	0	0	0	0.1912843407797	0.125965056120864	0.032750603099436
const_-7_3	1.3	0.7	200	20	0.0000852089317336869	0.649914791068244	0	0	0	0.152164276391043	0.145482157637818	0.052353565971139
const_-7_3	1.3	0.7	200	50	0.0000537516720249387	0.64994624832792	0	0	0	0.10195800348808	0.159128806813102	0.088913189698818
const_-7_3	1.3	0.7	200	100	0.0000375720949031311	0.649962427904989	0	0	0	0.069170012536483	0.156900935234581	0.123929052228936
const_-7_3	1.3	0.7	200	200	0.0000259382744000422	0.649974061725393	0	0	0	0.043335738181801	0.143857789976157	0.162806471842041
const_-7_3	1.3	0.7	200	500	0.0000155015724594354	0.649984498427085	0	0	0	0.020647457034977	0.115052294287608	0.214300248677415
const_-7_3	1.3	0.7	200	1000	0.0000102767700638209	0.649989723229148	0	0	0	0.010796685899021	0.090074628039264	0.249128686061715
const_-7_3	1.3	0.7	200	2000	0.00000668118704492651	0.649993318811684	0	0	0	0.005283910410868	0.066616551125719	0.278099538463413
const_-7_3	1.3	0.7	200	5000	0.000003668695896674	0.649996331302415	0	0	0	0.001887646885769	0.041554923209921	0.306557429904311
const_-7_3	1.3	0.7	200	10000	0.00000227660931216791	0.649997723389555	0	0	0	0.000822611785236	0.027789536149786	0.321387852064977
const_-7_3	1.3	0.7	500	10	0.000266009014119	0.649733990985855	0	0	0	0.262788307387029	0.078057470237989	0.009154222374981
const_-7_3	1.3	0.7	500	20	0.000185737869152	0.649814262130802	0	0	0	0.231644847489742	0.101586770189083	0.016768382321175
const_-7_3	1.3	0.7	500	50	0.000115880949046	0.649884119050846	0	0	0	0.183104759958254	0.132545667371553	0.034349572670192
const_-7_3	1.3	0.7	500	100	0.0000811554561991161	0.649918844543591	0	0	0	0.143792970991678	0.15099546359593	0.055211565412391
const_-7_3	1.3	0.7	500	200	0.0000566233685383282	0.649943376631054	0	0	0	0.105776606919585	0.160842825132424	0.083380567947991
const_-7_3	1.3	0.7	500	500	0.0000346607284749226	0.64996533927059	0	0	0	0.062859927866745	0.156649083952909	0.130490988180346
const_-7_3	1.3	0.7	500	1000	0.0000234836288907654	0.649976516369418	0	0	0	0.038590474146497	0.140888237257927	0.170521288595576
const_-7_3	1.3	0.7	500	2000	0.0000155985858067523	0.649984401411338	0	0	0	0.021799613344183	0.117716662985244	0.210483723670573
const_-7_3	1.3	0.7	500	5000	0.00000877590092794204	0.649991224095037	0	0	0	0.009071225125371	0.083480352292363	0.257448422582266
const_-7_3	1.3	0.7	500	10000	0.00000552289756041208	0.649994477099644	0	0	0	0.004304469224817	0.059941185845687	0.285754344929496
const_-7_3	1.3	0.7	1000	10	0.000500862394596	0.649499137605351	0	0	0	0.299781264759747	0.047275250784591	0.002943484455662
const_-7_3	1.3	0.7	1000	20	0.000344089700764	0.649655910299147	0	0	0	0.278274921287609	0.065858451778145	0.005866626934246
const_-7_3	1.3	0.7	1000	50	0.000210451106533	0.649789548893273	0	0	0	0.240484768965195	0.095840948938297	0.013674282096508
const_-7_3	1.3	0.7	1000	100	0.000145816143561	0.649854183856076	0	0	0	0.20548432047575	0.120080873069995	0.024434806454254
const_-7_3	1.3	0.7	1000	200	0.000101257191077	0.649898742808237	0	0	0	0.166926945764335	0.141931407711077	0.041141646524588
const_-7_3	1.3	0.7	1000	500	0.0000622523381737581	0.649937747660264	0	0	0	0.115476150835696	0.160217468252859	0.074306380911445
const_-7_3	1.3	0.7	1000	1000	0.0000426285292166652	0.649957371467912	0	0	0	0.080421322868079	0.161740174210276	0.107838502921645
const_-7_3	1.3	0.7	1000	2000	0.0000287439356088757	0.649971256059399	0	0	0	0.051670445084703	0.151412446122082	0.146917108793215
const_-7_3	1.3	0.7	1000	5000	0.000016538902185258	0.649983461090286	0	0	0	0.025227381667274	0.123188556814311	0.201584061518415
const_-7_3	1.3	0.7	1000	10000	0.0000105759909922112	0.649989424003554	0	0	0	0.013270026448278	0.096498387121994	0.240231586429728
power_-5_3	1.3	0.7	1	10	0.0000469563697941745	0.649953043630225	0	0	0	0.024422097639667	0.20604191357392	0.119535988786413
power_-5_3	1.3	0.7	1	20	0.0000323625685024904	0.649967637431497	0	0	0	0.014549749985776	0.18358870245718	0.151861547557044
power_-5_3	1.3	0.7	1	50	0.0000194837834732169	0.649980516216526	0	0	0	0.006779789085665	0.14631915727829	0.196901053636045
power_-5_3	1.3	0.7	1	100	0.0000131307498054286	0.649986869250194	0	0	0	0.003581703828918	0.116521349925184	0.229896946245899
power_-5_3	1.3	0.7	1	200	0.00000875934207326558	0.649991240657809	0	0	0	0.001800295931337	0.08870091498126	0.259498789087404
power_-5_3	1.3	0.7	1	500	0.00000503734814936514	0.649994962651847	0	0	0	0.000676984605305	0.058184087261317	0.291138928133378
power_-5_3	1.3	0.7	1	1000	0.00000326454515293564	0.649996735454843	0	0	0	0.000308879680396	0.040658929043049	0.309032191276555
power_-5_3	1.3	0.7	1	2000	0.00000208598518545547	0.649997914070552	0	0	0	0.000136414251157	0.027608821108104	0.322254764640739
power_-5_3	1.3	0.7	1	5000	0.00000112747845028359	0.649998872521228	0	0	0	0.000044397826107886	0.015939861098915	0.334015741074978
power_-5_3	1.3	0.7	1	10000	0.000000694203167400922	0.649999305796702	0	0	0	0.0000184789666612571	0.010260841248444	0.339720679784895
power_-5_3	1.3	0.7	2	10	0.0000875164535694831	0.649912483546429	0	0	0	0.050466866456951	0.228431847411197	0.071101286131852
power_-5_3	1.3	0.7	2	20	0.0000605824566710367	0.649939417543327	0	0	0	0.032654517211713	0.220095384303933	0.097250098484354
power_-5_3	1.3	0.7	2	50	0.0000367271023792369	0.649963272897618	0	0	0	0.016972318210401	0.194312742209274	0.138714939580325
power_-5_3	1.3	0.7	2	100	0.0000249199541875573	0.649975080045809	0	0	0	0.009732563884733	0.166831290379051	0.173436145736215
power_-5_3	1.3	0.7	2	200	0.0000167581404937101	0.649983241859457	0	0	0	0.005292407557289	0.136294332210048	0.208413260232664
power_-5_3	1.3	0.7	2	500	0.00000974801241442916	0.649990251987578	0	0	0	0.002184071528432	0.097000737657383	0.250815190814184
power_-5_3	1.3	0.7	2	1000	0.00000636885684104986	0.649993631143147	0	0	0	0.001056325562231	0.07127274805485	0.277670926382919
power_-5_3	1.3	0.7	2	2000	0.00000409796346862165	0.649995902011729	0	0	0	0.000488742761062	0.050351250388235	0.299160006850703
power_-5_3	1.3	0.7	2	5000	0.00000223047101498419	0.649997769528886	0	0	0	0.000166285928202	0.030177916654899	0.319655797416899
power_-5_3	1.3	0.7	2	10000	0.00000137841100679638	0.649998621584171	0	0	0	0.0000707988824701478	0.019798810080136	0.330130391037394
power_-5_3	1.3	0.7	5	10	0.000197738996004	0.649802261003991	0	0	0	0.106744838132157	0.213806507857928	0.029448654009914
power_-5_3	1.3	0.7	5	20	0.000137604673009	0.649862395326982	0	0	0	0.077021068657333	0.228528008843265	0.044450922499402
power_-5_3	1.3	0.7	5	50	0.0000839738091625158	0.649916026190825	0	0	0	0.046234575895095	0.231493197970361	0.072272226134544
power_-5_3	1.3	0.7	5	100	0.0000572882610169878	0.649942711738965	0	0	0	0.029591689576949	0.22063783144755	0.0997704789755
power_-5_3	1.3	0.7	5	200	0.0000387933824052956	0.649961206617375	0	0	0	0.017973972236226	0.199950290005717	0.132075737758058
power_-5_3	1.3	0.7	5	500	0.0000228450763085532	0.649977154923654	0	0	0	0.008566089320414	0.162332504003775	0.17910140667581
power_-5_3	1.3	0.7	5	1000	0.000015093230122915	0.649984906769824	0	0	0	0.004588695617861	0.130643687275247	0.214767617106892
power_-5_3	1.3	0.7	5	2000	0.00000982446697073878	0.649990175610878	0	0	0	0.002326075020682	0.099956004706756	0.247717920272562
power_-5_3	1.3	0.7	5	5000	0.00000542228745640553	0.649994577712256	0	0	0	0.000872974921863	0.065169957499562	0.283957067578576
power_-5_3	1.3	0.7	5	10000	0.00000337952585950949	0.649996620473103	0	0	0	0.000392916050768	0.044816101713094	0.304790982236138
power_-5_3	1.3	0.7	10	10	0.000364801563091	0.649635198436893	0	0	0	0.161555687054357	0.17535584707541	0.013088465870233
power_-5_3	1.3	0.7	10	20	0.000254534453486	0.64974546554649	0	0	0	0.126245862370072	0.202467586359577	0.021286551270351
power_-5_3	1.3	0.7	10	50	0.00015608733351	0.64984391266645	0	0	0	0.084424294501055	0.227387610321757	0.038188095177189
power_-5_3	1.3	0.7	10	100	0.000106854256923	0.64989314574302	0	0	0	0.058664477658887	0.234490965908498	0.056844556432616
power_-5_3	1.3	0.7	10	200	0.0000725944652606782	0.649927405534659	0	0	0	0.038705693573143	0.230082918018604	0.081211388408253
power_-5_3	1.3	0.7	10	500	0.0000429794377149981	0.649957020562164	0	0	0	0.020613204806631	0.207628438610106	0.121758356583263
power_-5_3	1.3	0.7	10	1000	0.0000285620153700515	0.649971437984463	0	0	0	0.012021758653318	0.180863749456481	0.157114491890201
power_-5_3	1.3	0.7	10	2000	0.0000187340611951691	0.649981265927144	0	0	0	0.006626026580494	0.149317068394501	0.194056905025005
power_-5_3	1.3	0.7	10	5000	0.0000104626507896574	0.649989537348245	0	0	0	0.002754793663556	0.106579133667461	0.240666072668983
power_-5_3	1.3	0.7	10	10000	0.00000657947151126695	0.649993420448964	0	0	0	0.001324533935433	0.077599697666808	0.27107576839775
power_-5_3	1.3	0.7	20	10	0.000674408615589	0.649325591384371	0	0	0	0.217319951319355	0.127533463099857	0.005146585580788
power_-5_3	1.3	0.7	20	20	0.000469822222046	0.649530177777892	0	0	0	0.182478698879621	0.158496481640396	0.009024819479983
power_-5_3	1.3	0.7	20	50	0.000288778227297	0.649711221772593	0	0	0	0.135260389332755	0.196872256493457	0.017867354173788
power_-5_3	1.3	0.7	20	100	0.0001983616363	0.649801638363532	0	0	0	0.101921973560434	0.219427838010738	0.028650188428828
power_-5_3	1.3	0.7	20	200	0.000135227168931	0.649864772830823	0	0	0	0.072986407448088	0.232889125783363	0.044124466768549
power_-5_3	1.3	0.7	20	500	0.0000803850246170578	0.649919614975002	0	0	0	0.043351183645763	0.23345483139727	0.073193984956968
power_-5_3	1.3	0.7	20	1000	0.000053601180211034	0.649946398819265	0	0	0	0.02750051977989	0.220456137568136	0.102043342651975
power_-5_3	1.3	0.7	20	2000	0.000035324622601283	0.649964675416	0	0	0	0.016518979958554	0.197416218003823	0.136064802037623
power_-5_3	1.3	0.7	20	5000	0.0000199128228666165	0.649980087115709	0	0	0	0.007701616009182	0.156555222565415	0.185743161425402
power_-5_3	1.3	0.7	20	10000	0.0000126351317898844	0.649987364864685	0	0	0	0.004022951339502	0.122729479950681	0.223247568709817
power_-5_3	1.3	0.7	50	10	0.001544441752819	0.648455558247058	0	0	0	0.277685776858907	0.071063642267295	0.001250580873798
power_-5_3	1.3	0.7	50	20	0.001065357511422	0.648934642488383	0	0	0	0.251384248246021	0.096202269969935	0.002413481784045
power_-5_3	1.3	0.7	50	50	0.000650494663315	0.649349505336313	0	0	0	0.209355618266102	0.135200208409153	0.005444173324745
power_-5_3	1.3	0.7	50	100	0.000446811751724	0.649553188247676	0	0	0	0.174062483705691	0.166301470374116	0.009636045920193
power_-5_3	1.3	0.7	50	200	0.000305519257106	0.649694480741956	0	0	0	0.138322240089255	0.195303842411125	0.01637391749962
power_-5_3	1.3	0.7	50	500	0.000182652821668	0.649817347176766	0	0	0	0.094682749268947	0.224364008797461	0.030953241933592
power_-5_3	1.3	0.7	50	1000	0.000122285999742	0.649877713998022	0	0	0	0.066970133978529	0.235295804422827	0.047734061598644
power_-5_3	1.3	0.7	50	2000	0.0000808941322885796	0.649919105864572	0	0	0	0.044936593018147	0.234492962816165	0.070570444165688
power_-5_3	1.3	0.7	50	5000	0.0000459007897626995	0.64995409920482	0	0	0	0.024378659731633	0.214976429841316	0.110644910427051
power_-5_3	1.3	0.7	50	10000	0.0000293543334615246	0.649970645657074	0	0	0	0.014337172420688	0.188262577299972	0.14740025027934
power_-5_3	1.3	0.7	100	10	0.002941904490909	0.647058095508774	0	0	0	0.308289628354007	0.041329368021733	0.00038100362426
power_-5_3	1.3	0.7	100	20	0.002009642121842	0.647990357877669	0	0	0	0.290391872138361	0.058826897909446	0.000781229952192
power_-5_3	1.3	0.7	100	50	0.001212765699674	0.648787234299415	0	0	0	0.258578550381607	0.089490277193958	0.001931172424435
power_-5_3	1.3	0.7	100	100	0.000828042838369	0.649171957160152	0	0	0	0.228558313135058	0.11776188580413	0.003679801060811
power_-5_3	1.3	0.7	100	200	0.000564719814316	0.649435280183315	0	0	0	0.194639766681031	0.148621834719927	0.006738398599042
power_-5_3	1.3	0.7	100	500	0.000338023338983	0.649661976656858	0	0	0	0.147334263685233	0.188608797479665	0.014056938835103
power_-5_3	1.3	0.7	100	1000	0.000226969236308	0.649773030757512	0	0	0	0.112921539459691	0.213722184066495	0.023356276473814
power_-5_3	1.3	0.7	100	2000	0.000150618262077	0.649849381729065	0	0	0	0.082251200340905	0.230496713715753	0.037252085943343
power_-5_3	1.3	0.7	100	5000	0.00008576570997063	0.649914234275882	0	0	0	0.049865128984472	0.235319456636896	0.064815414378633
power_-5_3	1.3	0.7	100	10000	0.0000550073446069672	0.649944992634315	0	0	0	0.032008517582243	0.224285118565344	0.093706363852414
power_-5_3	1.3	0.7	200	10	0.005672368261304	0.644327631737568	0	0	0	0.32723586524082	0.022656268316987	0.000107866442193
power_-5_3	1.3	0.7	200	20	0.003847309103239	0.64615269089517	0	0	0	0.316385259889457	0.033383817110898	0.000230922999645
power_-5_3	1.3	0.7	200	50	0.002293484724098	0.647706515273241	0	0	0	0.295412968331294	0.053972177440741	0.000614854227965
power_-5_3	1.3	0.7	200	100	0.001551302637324	0.648448697358616	0	0	0	0.27358918691517	0.075158622165802	0.001252190919028
power_-5_3	1.3	0.7	200	200	0.001049974591358	0.648950025402386	0	0	0	0.246413899138446	0.101122050548185	0.002464050313369
power_-5_3	1.3	0.7	200	500	0.000625161071212	0.64937483891796	0	0	0	0.203519984715312	0.140808231744609	0.005671783540079
power_-5_3	1.3	0.7	200	1000	0.000419681574929	0.649580318408795	0	0	0	0.167967903534745	0.171876866895103	0.010155229570152
power_-5_3	1.3	0.7	200	2000	0.000279081942749	0.649720918033505	0	0	0	0.132376593249711	0.200167606718674	0.017455800031615
power_-5_3	1.3	0.7	200	5000	0.000159532530204	0.649840467433074	0	0	0	0.089460776665428	0.226938819720956	0.033600403613616
power_-5_3	1.3	0.7	200	10000	0.000102582886263	0.649897417067599	0	0	0	0.062514326338348	0.234870490793314	0.052615182868338
power_-5_3	1.3	0.7	500	10	0.013566340160794	0.636433659828369	0	0	0	0.340251697595054	0.009729172096926	0.0000191303080206855
power_-5_3	1.3	0.7	500	20	0.009195941473245	0.640804058512889	0	0	0	0.335279506128591	0.014678366930925	0.0000421269404836885
power_-5_3	1.3	0.7	500	50	0.005436532220624	0.644563467759683	0	0	0	0.324956285526716	0.024924510651263	0.000119203822021
power_-5_3	1.3	0.7	500	100	0.003638599587057	0.646361400386833	0	0	0	0.313178762996684	0.036562363219264	0.000258873784052
power_-5_3	1.3	0.7	500	200	0.002432549356695	0.647567450608371	0	0	0	0.296959966696658	0.052489144285195	0.000550889018147
power_-5_3	1.3	0.7	500	500	0.001426458071653	0.648573541877099	0	0	0	0.267546724406085	0.081024691679188	0.001428583914728
power_-5_3	1.3	0.7	500	1000	0.000949897697489	0.649050102233064	0	0	0	0.239150529063589	0.10803165942695	0.00281781150946
power_-5_3	1.3	0.7	500	2000	0.000629217912276	0.649370781993231	0	0	0	0.206340068669227	0.138312986397628	0.005346944933145
power_-5_3	1.3	0.7	500	5000	0.000359915954306	0.649640083915083	0	0	0	0.159249466097906	0.179006454678208	0.011744079223886
power_-5_3	1.3	0.7	500	10000	0.000232115693531	0.649767884181575	0	0	0	0.123919329625631	0.20571782273898	0.020362847635389
power_-5_3	1.3	0.7	1000	10	0.025905392128103	0.624094607798474	0	0	0	0.344929922596	0.005064963033559	0.00000511437044044809
power_-5_3	1.3	0.7	1000	20	0.017715941153921	0.632284058752883	0.0000000000447168326885683	0.00000000000236957409614101	0.000000000000696505959342551	0.342313101829445	0.007675615436784	0.00001128273377155
power_-5_3	1.3	0.7	1000	50	0.010514740577254	0.639485259295728	0	0	0	0.33671926575637	0.013248232269318	0.0000325019743121326
power_-5_3	1.3	0.7	1000	100	0.007022413696341	0.642977586144367	0	0	0	0.330066059450705	0.019861458035867	0.0000724825134281215
power_-5_3	1.3	0.7	1000	200	0.004667883051543	0.64533211675109	0	0	0	0.320426625294323	0.029413059453771	0.000160315251906
power_-5_3	1.3	0.7	1000	500	0.002706419640859	0.647293580104778	0.000000000104171837136506	0	0	0.301521281420284	0.048033230344267	0.000445488235449
power_-5_3	1.3	0.7	1000	1000	0.0017852632725	0.648214736422273	0.000000000113863264602207	0	0	0.281492239273143	0.067571195624115	0.000936565102742
power_-5_3	1.3	0.7	1000	2000	0.001172779766669	0.64882721986642	0.000000000119753432649795	0	0	0.256075818221036	0.092017257843735	0.00190692393523
power_-5_3	1.3	0.7	1000	5000	0.000666212896789	0.649333786677042	0.000000000106109599773451	0.000000000133875835566312	0	0.214923848568466	0.130454540667218	0.004621610764316
power_-5_3	1.3	0.7	1000	10000	0.000428961692401	0.649571038048021	0	0	0	0.179846133323702	0.16150598274059	0.008647883935708
